x1,y1,x2,y2,seg,riv_name,idx,x,y
2472972,485618,2473036,485304,1,Oak_Creek,1,2473004,485461
2473036,485304,2473310,485153,1,Oak_Creek,2,2473173,485228.5
2473310,485153,2473389,484865,1,Oak_Creek,3,2473349.5,485009
2473389,484865,2473341,484573,1,Oak_Creek,4,2473365,484719
2473341,484573,2473505,484316,1,Oak_Creek,5,2473423,484444.5
2473505,484316,2473227,484213,1,Oak_Creek,6,2473366,484264.5
2473227,484213,2473188,483910,1,Oak_Creek,7,2473207.5,484061.5
2473188,483910,2473314,483657,1,Oak_Creek,8,2473251,483783.5
2473314,483657,2473339,483332,1,Oak_Creek,9,2473326.5,483494.5
2473339,483332,2473329,483005,1,Oak_Creek,10,2473334,483168.5
2473329,483005,2473387,482699,1,Oak_Creek,11,2473358,482852
2473387,482699,2473467,482397,1,Oak_Creek,12,2473427,482548
2473467,482397,2473582,482160,1,Oak_Creek,13,2473524.5,482278.5
2473582,482160,2473849,482092,1,Oak_Creek,14,2473715.5,482126
2473849,482092,2473929,481773,1,Oak_Creek,15,2473889,481932.5
2473929,481773,2473953,481485,1,Oak_Creek,16,2473941,481629
2473953,481485,2474040,481229,1,Oak_Creek,17,2473996.5,481357
2474040,481229,2474101,480907,1,Oak_Creek,18,2474070.5,481068
2474101,480907,2474306,480684,1,Oak_Creek,19,2474203.5,480795.5
2474306,480684,2474260,480361,1,Oak_Creek,20,2474283,480522.5
2474260,480361,2474328,480050,1,Oak_Creek,21,2474294,480205.5
2474328,480050,2474309,479770,1,Oak_Creek,22,2474318.5,479910
2474309,479770,2474491,479571,1,Oak_Creek,23,2474400,479670.5
2474491,479571,2474347,479301,1,Oak_Creek,24,2474419,479436
2474347,479301,2474340,479110,1,Oak_Creek,25,2474343.5,479205.5
2474340,479110,2474543,479069,1,Oak_Creek,26,2474441.5,479089.5
2474543,479069,2474471,478764,1,Oak_Creek,27,2474507,478916.5
2474471,478764,2474317,478509,1,Oak_Creek,28,2474394,478636.5
2474317,478509,2474423,478281,1,Oak_Creek,29,2474370,478395
2474423,478281,2474503,478053,1,Oak_Creek,30,2474463,478167
2474503,478053,2474479,477733,1,Oak_Creek,31,2474491,477893
2474479,477733,2474532,477416,1,Oak_Creek,32,2474505.5,477574.5
2474532,477416,2474650,477108,1,Oak_Creek,33,2474591,477262
2474650,477108,2474736,476791,1,Oak_Creek,34,2474693,476949.5
2474736,476791,2474890,476519,1,Oak_Creek,35,2474813,476655
2474890,476519,2475050,476230,1,Oak_Creek,36,2474970,476374.5
2475050,476230,2475242,475962,1,Oak_Creek,37,2475146,476096
2475242,475962,2475420,475684,1,Oak_Creek,38,2475331,475823
2475420,475684,2475641,475454,1,Oak_Creek,39,2475530.5,475569
2475641,475454,2475611,475212,1,Oak_Creek,40,2475626,475333
2475611,475212,2475889,475340,1,Oak_Creek,41,2475750,475276
2475889,475340,2476078,475309,1,Oak_Creek,42,2475983.5,475324.5
2476078,475309,2476055,474982,1,Oak_Creek,43,2476066.5,475145.5
2476055,474982,2476293,474885,1,Oak_Creek,44,2476174,474933.5
2476293,474885,2476482,474788,1,Oak_Creek,45,2476387.5,474836.5
2476482,474788,2476536,474519,1,Oak_Creek,46,2476509,474653.5
2476536,474519,2476775,474539,1,Oak_Creek,47,2476655.5,474529
2476775,474539,2476967,474529,1,Oak_Creek,48,2476871,474534
2476967,474529,2477056,474243,1,Oak_Creek,49,2477011.5,474386
2477056,474243,2477091,473953,1,Oak_Creek,50,2477073.5,474098
2477091,473953,2476965,473700,1,Oak_Creek,51,2477028,473826.5
2476965,473700,2477237,473579,1,Oak_Creek,52,2477101,473639.5
2477237,473579,2477506,473467,1,Oak_Creek,53,2477371.5,473523
2477506,473467,2477611,473331,1,Oak_Creek,54,2477558.5,473399
2477611,473331,2477645,473021,1,Oak_Creek,55,2477628,473176
2477645,473021,2477915,473006,1,Oak_Creek,56,2477780,473013.5
2477915,473006,2478150,472897,1,Oak_Creek,57,2478032.5,472951.5
2478150,472897,2478423,472844,1,Oak_Creek,58,2478286.5,472870.5
2478423,472844,2478661,472648,1,Oak_Creek,59,2478542,472746
2478661,472648,2478786,472431,1,Oak_Creek,60,2478723.5,472539.5
2478786,472431,2478843,472240,1,Oak_Creek,61,2478814.5,472335.5
2478843,472240,2478630,472093,1,Oak_Creek,62,2478736.5,472166.5
2478630,472093,2478529,471962,1,Oak_Creek,63,2478579.5,472027.5
2478529,471962,2478604,471729,1,Oak_Creek,64,2478566.5,471845.5
2478604,471729,2478803,471609,1,Oak_Creek,65,2478703.5,471669
2478803,471609,2479057,471445,1,Oak_Creek,66,2478930,471527
2479057,471445,2479176,471202,1,Oak_Creek,67,2479116.5,471323.5
2479176,471202,2479227,470960,1,Oak_Creek,68,2479201.5,471081
2479227,470960,2479417,470866,1,Oak_Creek,69,2479322,470913
2479417,470866,2479305,470636,1,Oak_Creek,70,2479361,470751
2479305,470636,2479382,470477,1,Oak_Creek,71,2479343.5,470556.5
2479382,470477,2479483,470375,1,Oak_Creek,72,2479432.5,470426
2479483,470375,2479631,470214,1,Oak_Creek,73,2479557,470294.5
2479631,470214,2479482,470040,1,Oak_Creek,74,2479556.5,470127
2479482,470040,2479459,469766,1,Oak_Creek,75,2479470.5,469903
2479459,469766,2479597,469546,1,Oak_Creek,76,2479528,469656
2479597,469546,2479642,469297,1,Oak_Creek,77,2479619.5,469421.5
2479642,469297,2479823,469269,1,Oak_Creek,78,2479732.5,469283
2479823,469269,2480046,469107,1,Oak_Creek,79,2479934.5,469188
2480046,469107,2480316,469063,1,Oak_Creek,80,2480181,469085
2480316,469063,2480405,468763,1,Oak_Creek,81,2480360.5,468913
2480405,468763,2480422,468529,1,Oak_Creek,82,2480413.5,468646
2480422,468529,2480595,468275,1,Oak_Creek,83,2480508.5,468402
2480595,468275,2480382,468067,1,Oak_Creek,84,2480488.5,468171
2480382,468067,2480146,467849,1,Oak_Creek,85,2480264,467958
2480146,467849,2479959,467625,1,Oak_Creek,86,2480052.5,467737
2479959,467625,2479958,467331,1,Oak_Creek,87,2479958.5,467478
2479958,467331,2479690,467331,1,Oak_Creek,88,2479824,467331
2479690,467331,2479693,467014,1,Oak_Creek,89,2479691.5,467172.5
2479693,467014,2479709,466723,1,Oak_Creek,90,2479701,466868.5
2479709,466723,2479882,466543,1,Oak_Creek,91,2479795.5,466633
2479882,466543,2479880,466325,1,Oak_Creek,92,2479881,466434
2479880,466325,2479913,466025,1,Oak_Creek,93,2479896.5,466175
2479913,466025,2479689,465916,1,Oak_Creek,94,2479801,465970.5
2479689,465916,2479920,465723,1,Oak_Creek,95,2479804.5,465819.5
2479920,465723,2480135,465504,1,Oak_Creek,96,2480027.5,465613.5
2480135,465504,2480016,465245,1,Oak_Creek,97,2480075.5,465374.5
2480016,465245,2479997,465059,1,Oak_Creek,98,2480006.5,465152
2479997,465059,2480144,464780,1,Oak_Creek,99,2480070.5,464919.5
2480144,464780,2480189,464503,1,Oak_Creek,100,2480166.5,464641.5
2480189,464503,2480436,464617,1,Oak_Creek,101,2480312.5,464560
2480436,464617,2480665,464384,1,Oak_Creek,102,2480550.5,464500.5
2480665,464384,2480651,464097,1,Oak_Creek,103,2480658,464240.5
2480651,464097,2480402,463883,1,Oak_Creek,104,2480526.5,463990
2480402,463883,2480317,463609,1,Oak_Creek,105,2480359.5,463746
2480317,463609,2480265,463292,1,Oak_Creek,106,2480291,463450.5
2480265,463292,2480210,462969,1,Oak_Creek,107,2480237.5,463130.5
2480210,462969,2480304,462664,1,Oak_Creek,108,2480257,462816.5
2480304,462664,2480463,462386,1,Oak_Creek,109,2480383.5,462525
2480463,462386,2480617,462095,1,Oak_Creek,110,2480540,462240.5
2480617,462095,2480918,461978,1,Oak_Creek,111,2480767.5,462036.5
2480918,461978,2481139,461753,1,Oak_Creek,112,2481028.5,461865.5
2481139,461753,2481255,461473,1,Oak_Creek,113,2481197,461613
2481255,461473,2481230,461161,1,Oak_Creek,114,2481242.5,461317
2481230,461161,2481173,460839,1,Oak_Creek,115,2481201.5,461000
2481173,460839,2481314,460546,1,Oak_Creek,116,2481243.5,460692.5
2481314,460546,2481552,460472,1,Oak_Creek,117,2481433,460509
2481552,460472,2481451,460243,1,Oak_Creek,118,2481501.5,460357.5
2481451,460243,2481488,460062,1,Oak_Creek,119,2481469.5,460152.5
2481488,460062,2481753,459891,1,Oak_Creek,120,2481620.5,459976.5
2481753,459891,2481882,459595,1,Oak_Creek,121,2481817.5,459743
2481882,459595,2481787,459317,1,Oak_Creek,122,2481834.5,459456
2481787,459317,2481499,459332,1,Oak_Creek,123,2481643,459324.5
2481499,459332,2481299,459181,1,Oak_Creek,124,2481399,459256.5
2481299,459181,2481481,458950,1,Oak_Creek,125,2481390,459065.5
2481481,458950,2481590,458815,1,Oak_Creek,126,2481535.5,458882.5
2481590,458815,2481829,458943,1,Oak_Creek,127,2481709.5,458879
2481829,458943,2481740,458690,1,Oak_Creek,128,2481784.5,458816.5
2481740,458690,2481554,458432,1,Oak_Creek,129,2481647,458561
2481554,458432,2481716,458209,1,Oak_Creek,130,2481635,458320.5
2481716,458209,2481934,458023,1,Oak_Creek,131,2481825,458116
2481934,458023,2481993,457824,1,Oak_Creek,132,2481963.5,457923.5
2481993,457824,2481890,457540,1,Oak_Creek,133,2481941.5,457682
2481890,457540,2482178,457545,1,Oak_Creek,134,2482034,457542.5
2482178,457545,2482409,457429,1,Oak_Creek,135,2482293.5,457487
2482409,457429,2482738,457404,1,Oak_Creek,136,2482573.5,457416.5
2482738,457404,2483067,457405,1,Oak_Creek,137,2482902.5,457404.5
2483067,457405,2483038,457203,1,Oak_Creek,138,2483052.5,457304
2483038,457203,2482822,456970,1,Oak_Creek,139,2482930,457086.5
2482822,456970,2482919,456805,1,Oak_Creek,140,2482870.5,456887.5
2482919,456805,2483208,456809,1,Oak_Creek,141,2483063.5,456807
2483208,456809,2483404,456582,1,Oak_Creek,142,2483306,456695.5
2483404,456582,2483488,456298,1,Oak_Creek,143,2483446,456440
2483488,456298,2483344,456175,1,Oak_Creek,144,2483416,456236.5
2483344,456175,2483173,456038,1,Oak_Creek,145,2483258.5,456106.5
2483173,456038,2483204,455888,1,Oak_Creek,146,2483188.5,455963
2483204,455888,2483308,455815,1,Oak_Creek,147,2483256,455851.5
2483308,455815,2483538,455671,1,Oak_Creek,148,2483423,455743
2483538,455671,2483791,455793,1,Oak_Creek,149,2483664.5,455732
2483791,455793,2483940,455576,1,Oak_Creek,150,2483865.5,455684.5
2483940,455576,2483818,455317,1,Oak_Creek,151,2483879,455446.5
2483818,455317,2483579,455124,1,Oak_Creek,152,2483698.5,455220.5
2483579,455124,2483599,454818,1,Oak_Creek,153,2483589,454971
2483599,454818,2483785,454602,1,Oak_Creek,154,2483692,454710
2483785,454602,2483992,454392,1,Oak_Creek,155,2483888.5,454497
2483992,454392,2483829,454169,1,Oak_Creek,156,2483910.5,454280.5
2483829,454169,2483658,454208,1,Oak_Creek,157,2483743.5,454188.5
2483658,454208,2483729,453946,1,Oak_Creek,158,2483693.5,454077
2483729,453946,2484026,453917,1,Oak_Creek,159,2483877.5,453931.5
2484026,453917,2484092,453705,1,Oak_Creek,160,2484059,453811
2484092,453705,2484244,453450,1,Oak_Creek,161,2484168,453577.5
2484244,453450,2484292,453200,1,Oak_Creek,162,2484268,453325
2484292,453200,2484347,452956,1,Oak_Creek,163,2484319.5,453078
2484347,452956,2484589,452762,1,Oak_Creek,164,2484468,452859
2484589,452762,2484753,452479,1,Oak_Creek,165,2484671,452620.5
2484753,452479,2485030,452331,1,Oak_Creek,166,2484891.5,452405
2485030,452331,2485167,452189,1,Oak_Creek,167,2485098.5,452260
2485167,452189,2485404,451972,1,Oak_Creek,168,2485285.5,452080.5
2485404,451972,2485708,451993,1,Oak_Creek,169,2485556,451982.5
2485708,451993,2485968,451832,1,Oak_Creek,170,2485838,451912.5
2485968,451832,2486043,451568,1,Oak_Creek,171,2486005.5,451700
2486043,451568,2486028,451255,1,Oak_Creek,172,2486035.5,451411.5
2486028,451255,2486112,450980,1,Oak_Creek,173,2486070,451117.5
2486112,450980,2486308,450757,1,Oak_Creek,174,2486210,450868.5
2486308,450757,2486539,450573,1,Oak_Creek,175,2486423.5,450665
2486539,450573,2486484,450260,1,Oak_Creek,176,2486511.5,450416.5
2486484,450260,2486645,450045,1,Oak_Creek,177,2486564.5,450152.5
2486645,450045,2486700,449782,1,Oak_Creek,178,2486672.5,449913.5
2486700,449782,2486549,449592,1,Oak_Creek,179,2486624.5,449687
2486549,449592,2486291,449538,1,Oak_Creek,180,2486420,449565
2486291,449538,2486261,449335,1,Oak_Creek,181,2486276,449436.5
2486261,449335,2486255,449094,1,Oak_Creek,182,2486258,449214.5
2486255,449094,2486343,448987,1,Oak_Creek,183,2486299,449040.5
2486343,448987,2486570,448882,1,Oak_Creek,184,2486456.5,448934.5
2486570,448882,2486661,448590,1,Oak_Creek,185,2486615.5,448736
2486661,448590,2486779,448336,1,Oak_Creek,186,2486720,448463
2486779,448336,2486947,448332,1,Oak_Creek,187,2486863,448334
2486947,448332,2487239,448374,1,Oak_Creek,188,2487093,448353
2487239,448374,2487392,448148,1,Oak_Creek,189,2487315.5,448261
2487392,448148,2487443,447878,1,Oak_Creek,190,2487417.5,448013
2487443,447878,2487687,447739,1,Oak_Creek,191,2487565,447808.5
2487687,447739,2487815,447518,1,Oak_Creek,192,2487751,447628.5
2487815,447518,2487893,447328,1,Oak_Creek,193,2487854,447423
2487893,447328,2488037,447573,1,Oak_Creek,194,2487965,447450.5
2488037,447573,2488204,447781,1,Oak_Creek,195,2488120.5,447677
2488204,447781,2488417,447866,1,Oak_Creek,196,2488310.5,447823.5
2488417,447866,2488645,447717,1,Oak_Creek,197,2488531,447791.5
2488645,447717,2488602,447400,1,Oak_Creek,198,2488623.5,447558.5
2488602,447400,2488598,447133,1,Oak_Creek,199,2488600,447266.5
2488598,447133,2488817,446924,1,Oak_Creek,200,2488707.5,447028.5
2488817,446924,2489119,446938,1,Oak_Creek,201,2488968,446931
2489119,446938,2489346,446860,1,Oak_Creek,202,2489232.5,446899
2489346,446860,2489579,446708,1,Oak_Creek,203,2489462.5,446784
2489579,446708,2489847,446805,1,Oak_Creek,204,2489713,446756.5
2489847,446805,2490081,446633,1,Oak_Creek,205,2489964,446719
2490081,446633,2490306,446393,1,Oak_Creek,206,2490193.5,446513
2490306,446393,2490495,446139,1,Oak_Creek,207,2490400.5,446266
2490495,446139,2490413,445846,1,Oak_Creek,208,2490454,445992.5
2490413,445846,2490565,445646,1,Oak_Creek,209,2490489,445746
2490565,445646,2490682,445906,1,Oak_Creek,210,2490623.5,445776
2490682,445906,2490997,445973,1,Oak_Creek,211,2490839.5,445939.5
2490997,445973,2491235,445852,1,Oak_Creek,212,2491116,445912.5
2491235,445852,2491277,445602,1,Oak_Creek,213,2491256,445727
2491277,445602,2491432,445380,1,Oak_Creek,214,2491354.5,445491
2491432,445380,2491748,445423,1,Oak_Creek,215,2491590,445401.5
2491748,445423,2491736,445172,1,Oak_Creek,216,2491742,445297.5
2491736,445172,2492006,445048,1,Oak_Creek,217,2491871,445110
2492006,445048,2492025,444823,1,Oak_Creek,218,2492015.5,444935.5
2492025,444823,2492031,444596,1,Oak_Creek,219,2492028,444709.5
2492031,444596,2492344,444634,1,Oak_Creek,220,2492187.5,444615
2492344,444634,2492446,444449,1,Oak_Creek,221,2492395,444541.5
2492446,444449,2492392,444137,1,Oak_Creek,222,2492419,444293
2492392,444137,2492517,443911,1,Oak_Creek,223,2492454.5,444024
2492517,443911,2492479,443651,1,Oak_Creek,224,2492498,443781
2492479,443651,2492805,443668,1,Oak_Creek,225,2492642,443659.5
2492805,443668,2493075,443662,1,Oak_Creek,226,2492940,443665
2493075,443662,2493343,443504,1,Oak_Creek,227,2493209,443583
2493343,443504,2493632,443352,1,Oak_Creek,228,2493487.5,443428
2493632,443352,2493869,443126,1,Oak_Creek,229,2493750.5,443239
2493869,443126,2493977,442828,1,Oak_Creek,230,2493923,442977
2493977,442828,2494051,442765,1,Oak_Creek,231,2494014,442796.5
2494051,442765,2494140,443043,1,Oak_Creek,232,2494095.5,442904
2494140,443043,2494336,443142,1,Oak_Creek,233,2494238,443092.5
2494336,443142,2494353,442835,1,Oak_Creek,234,2494344.5,442988.5
2494353,442835,2494458,442902,1,Oak_Creek,235,2494405.5,442868.5
2494458,442902,2494529,443192,1,Oak_Creek,236,2494493.5,443047
2494529,443192,2494783,443047,1,Oak_Creek,237,2494656,443119.5
2494783,443047,2494860,442796,1,Oak_Creek,238,2494821.5,442921.5
2494860,442796,2495125,442664,1,Oak_Creek,239,2494992.5,442730
2495125,442664,2495321,442828,1,Oak_Creek,240,2495223,442746
2495321,442828,2495457,442696,1,Oak_Creek,241,2495389,442762
2495457,442696,2495320,442421,1,Oak_Creek,242,2495388.5,442558.5
2495320,442421,2495522,442415,1,Oak_Creek,243,2495421,442418
2495522,442415,2495641,442126,1,Oak_Creek,244,2495581.5,442270.5
2495641,442126,2495347,442003,1,Oak_Creek,245,2495494,442064.5
2495347,442003,2495229,441749,1,Oak_Creek,246,2495288,441876
2495229,441749,2495475,441550,1,Oak_Creek,247,2495352,441649.5
2495475,441550,2495599,441651,1,Oak_Creek,248,2495537,441600.5
2495599,441651,2495740,441833,1,Oak_Creek,249,2495669.5,441742
2495740,441833,2495957,441665,1,Oak_Creek,250,2495848.5,441749
2495957,441665,2496110,441375,1,Oak_Creek,251,2496033.5,441520
2496110,441375,2496172,441072,1,Oak_Creek,252,2496141,441223.5
2496172,441072,2496273,440809,1,Oak_Creek,253,2496222.5,440940.5
2496273,440809,2496292,440579,1,Oak_Creek,254,2496282.5,440694
2496292,440579,2496397,440374,1,Oak_Creek,255,2496344.5,440476.5
2496397,440374,2496624,440155,1,Oak_Creek,256,2496510.5,440264.5
2496624,440155,2496657,439868,1,Oak_Creek,257,2496640.5,440011.5
2496657,439868,2496957,439909,1,Oak_Creek,258,2496807,439888.5
2496957,439909,2497259,439787,1,Oak_Creek,259,2497108,439848
2497259,439787,2497557,439649,1,Oak_Creek,260,2497408,439718
2497557,439649,2497876,439643,1,Oak_Creek,261,2497716.5,439646
2497876,439643,2498150,439702,1,Oak_Creek,262,2498013,439672.5
2498150,439702,2498212,439432,1,Oak_Creek,263,2498181,439567
2498212,439432,2498144,439121,1,Oak_Creek,264,2498178,439276.5
2498144,439121,2498281,438823,1,Oak_Creek,265,2498212.5,438972
2498281,438823,2498483,438596,1,Oak_Creek,266,2498382,438709.5
2498483,438596,2498807,438550,1,Oak_Creek,267,2498645,438573
2498807,438550,2499082,438366,1,Oak_Creek,268,2498944.5,438458
2499082,438366,2499131,438104,1,Oak_Creek,269,2499106.5,438235
2499131,438104,2499251,437823,1,Oak_Creek,270,2499191,437963.5
2499251,437823,2499553,437692,1,Oak_Creek,271,2499402,437757.5
2499553,437692,2499867,437633,1,Oak_Creek,272,2499710,437662.5
2499867,437633,2500088,437394,1,Oak_Creek,273,2499977.5,437513.5
2500088,437394,2500246,437104,1,Oak_Creek,274,2500167,437249
2500246,437104,2500345,436799,1,Oak_Creek,275,2500295.5,436951.5
2500345,436799,2500373,436479,1,Oak_Creek,276,2500359,436639
2500373,436479,2500545,436214,1,Oak_Creek,277,2500459,436346.5
2500545,436214,2500764,435967,1,Oak_Creek,278,2500654.5,436090.5
2500764,435967,2500982,435720,1,Oak_Creek,279,2500873,435843.5
2500982,435720,2501211,435483,1,Oak_Creek,280,2501096.5,435601.5
2501211,435483,2501455,435261,1,Oak_Creek,281,2501333,435372
2501455,435261,2501711,435079,1,Oak_Creek,282,2501583,435170
2501711,435079,2501947,434849,1,Oak_Creek,283,2501829,434964
2501947,434849,2502183,434618,1,Oak_Creek,284,2502065,434733.5
2502183,434618,2502419,434387,1,Oak_Creek,285,2502301,434502.5
2502419,434387,2502655,434157,1,Oak_Creek,286,2502537,434272
2502655,434157,2502891,433926,1,Oak_Creek,287,2502773,434041.5
2502891,433926,2503127,433696,1,Oak_Creek,288,2503009,433811
2503127,433696,2503363,433465,1,Oak_Creek,289,2503245,433580.5
2503363,433465,2503599,433235,1,Oak_Creek,290,2503481,433350
2503599,433235,2503836,433004,1,Oak_Creek,291,2503717.5,433119.5
2503836,433004,2504072,432773,1,Oak_Creek,292,2503954,432888.5
2504072,432773,2504308,432543,1,Oak_Creek,293,2504190,432658
2504308,432543,2504544,432312,1,Oak_Creek,294,2504426,432427.5
2504544,432312,2504780,432082,1,Oak_Creek,295,2504662,432197
2504780,432082,2505033,431894,1,Oak_Creek,296,2504906.5,431988
2505033,431894,2505304,431751,1,Oak_Creek,297,2505168.5,431822.5
2505304,431751,2505619,431721,1,Oak_Creek,298,2505461.5,431736
2505619,431721,2505949,431731,1,Oak_Creek,299,2505784,431726
2505949,431731,2506279,431740,1,Oak_Creek,300,2506114,431735.5
2506279,431740,2506609,431749,1,Oak_Creek,301,2506444,431744.5
2506609,431749,2506939,431752,1,Oak_Creek,302,2506774,431750.5
2506939,431752,2507269,431750,1,Oak_Creek,303,2507104,431751
2507269,431750,2507599,431747,1,Oak_Creek,304,2507434,431748.5
2507599,431747,2507928,431740,1,Oak_Creek,305,2507763.5,431743.5
2507928,431740,2508253,431702,1,Oak_Creek,306,2508090.5,431721
2508253,431702,2508583,431706,1,Oak_Creek,307,2508418,431704
2508583,431706,2508913,431710,1,Oak_Creek,308,2508748,431708
2508913,431710,2509234,431688,1,Oak_Creek,309,2509073.5,431699
2509234,431688,2509385,431578,1,Oak_Creek,310,2509309.5,431633
2468726,441548,2468714,441256,2,Middle_Oak_Creek,311,2468720,441402
2468714,441256,2469015,441224,2,Middle_Oak_Creek,312,2468864.5,441240
2469015,441224,2469307,441204,2,Middle_Oak_Creek,313,2469161,441214
2469307,441204,2469581,441052,2,Middle_Oak_Creek,314,2469444,441128
2469581,441052,2469659,440780,2,Middle_Oak_Creek,315,2469620,440916
2469659,440780,2469612,440578,2,Middle_Oak_Creek,316,2469635.5,440679
2469612,440578,2469858,440561,2,Middle_Oak_Creek,317,2469735,440569.5
2469858,440561,2470069,440340,2,Middle_Oak_Creek,318,2469963.5,440450.5
2470069,440340,2470304,440413,2,Middle_Oak_Creek,319,2470186.5,440376.5
2470304,440413,2470403,440175,2,Middle_Oak_Creek,320,2470353.5,440294
2470403,440175,2470339,440024,2,Middle_Oak_Creek,321,2470371,440099.5
2470339,440024,2470439,439841,2,Middle_Oak_Creek,322,2470389,439932.5
2470439,439841,2470591,439786,2,Middle_Oak_Creek,323,2470515,439813.5
2470591,439786,2470318,439634,2,Middle_Oak_Creek,324,2470454.5,439710
2470318,439634,2470432,439344,2,Middle_Oak_Creek,325,2470375,439489
2470432,439344,2470657,439118,2,Middle_Oak_Creek,326,2470544.5,439231
2470657,439118,2470922,438994,2,Middle_Oak_Creek,327,2470789.5,439056
2470922,438994,2470997,439197,2,Middle_Oak_Creek,328,2470959.5,439095.5
2470997,439197,2471123,439000,2,Middle_Oak_Creek,329,2471060,439098.5
2471123,439000,2471201,438792,2,Middle_Oak_Creek,330,2471162,438896
2471201,438792,2471364,439038,2,Middle_Oak_Creek,331,2471282.5,438915
2471364,439038,2471454,439186,2,Middle_Oak_Creek,332,2471409,439112
2471454,439186,2471742,439032,2,Middle_Oak_Creek,333,2471598,439109
2471742,439032,2471932,438827,2,Middle_Oak_Creek,334,2471837,438929.5
2471932,438827,2472218,438735,2,Middle_Oak_Creek,335,2472075,438781
2472218,438735,2472401,438568,2,Middle_Oak_Creek,336,2472309.5,438651.5
2472401,438568,2472672,438730,2,Middle_Oak_Creek,337,2472536.5,438649
2472672,438730,2472744,438447,2,Middle_Oak_Creek,338,2472708,438588.5
2472744,438447,2472776,438131,2,Middle_Oak_Creek,339,2472760,438289
2472776,438131,2472938,437887,2,Middle_Oak_Creek,340,2472857,438009
2472938,437887,2473024,437897,2,Middle_Oak_Creek,341,2472981,437892
2473024,437897,2473177,437827,2,Middle_Oak_Creek,342,2473100.5,437862
2473177,437827,2473372,437741,2,Middle_Oak_Creek,343,2473274.5,437784
2473372,437741,2473554,437856,2,Middle_Oak_Creek,344,2473463,437798.5
2473554,437856,2473518,437614,2,Middle_Oak_Creek,345,2473536,437735
2473518,437614,2473407,437372,2,Middle_Oak_Creek,346,2473462.5,437493
2473407,437372,2473656,437262,2,Middle_Oak_Creek,347,2473531.5,437317
2473656,437262,2473935,437432,2,Middle_Oak_Creek,348,2473795.5,437347
2473935,437432,2474212,437339,2,Middle_Oak_Creek,349,2474073.5,437385.5
2474212,437339,2474504,437335,2,Middle_Oak_Creek,350,2474358,437337
2474504,437335,2474522,437028,2,Middle_Oak_Creek,351,2474513,437181.5
2474522,437028,2474227,436957,2,Middle_Oak_Creek,352,2474374.5,436992.5
2474227,436957,2474076,436858,2,Middle_Oak_Creek,353,2474151.5,436907.5
2474076,436858,2474292,436686,2,Middle_Oak_Creek,354,2474184,436772
2474292,436686,2474573,436740,2,Middle_Oak_Creek,355,2474432.5,436713
2474573,436740,2474680,436465,2,Middle_Oak_Creek,356,2474626.5,436602.5
2474680,436465,2474779,436153,2,Middle_Oak_Creek,357,2474729.5,436309
2474779,436153,2475015,435930,2,Middle_Oak_Creek,358,2474897,436041.5
2475015,435930,2475218,435681,2,Middle_Oak_Creek,359,2475116.5,435805.5
2475218,435681,2475438,435655,2,Middle_Oak_Creek,360,2475328,435668
2475438,435655,2475551,435668,2,Middle_Oak_Creek,361,2475494.5,435661.5
2475551,435668,2475774,435676,2,Middle_Oak_Creek,362,2475662.5,435672
2475774,435676,2475859,435443,2,Middle_Oak_Creek,363,2475816.5,435559.5
2475859,435443,2475870,435121,2,Middle_Oak_Creek,364,2475864.5,435282
2475870,435121,2476043,434883,2,Middle_Oak_Creek,365,2475956.5,435002
2476043,434883,2476182,434817,2,Middle_Oak_Creek,366,2476112.5,434850
2476182,434817,2476336,434705,2,Middle_Oak_Creek,367,2476259,434761
2476336,434705,2476481,434918,2,Middle_Oak_Creek,368,2476408.5,434811.5
2476481,434918,2476675,434906,2,Middle_Oak_Creek,369,2476578,434912
2476675,434906,2476704,434599,2,Middle_Oak_Creek,370,2476689.5,434752.5
2476704,434599,2476893,434413,2,Middle_Oak_Creek,371,2476798.5,434506
2476893,434413,2477096,434603,2,Middle_Oak_Creek,372,2476994.5,434508
2477096,434603,2477082,434791,2,Middle_Oak_Creek,373,2477089,434697
2477082,434791,2477173,434940,2,Middle_Oak_Creek,374,2477127.5,434865.5
2477173,434940,2477409,434786,2,Middle_Oak_Creek,375,2477291,434863
2477409,434786,2477353,435015,2,Middle_Oak_Creek,376,2477381,434900.5
2477353,435015,2477098,435183,2,Middle_Oak_Creek,377,2477225.5,435099
2477098,435183,2477331,435320,2,Middle_Oak_Creek,378,2477214.5,435251.5
2477331,435320,2477565,435266,2,Middle_Oak_Creek,379,2477448,435293
2477565,435266,2477448,435024,2,Middle_Oak_Creek,380,2477506.5,435145
2477448,435024,2477728,435042,2,Middle_Oak_Creek,381,2477588,435033
2477728,435042,2477941,435246,2,Middle_Oak_Creek,382,2477834.5,435144
2477941,435246,2478012,434971,2,Middle_Oak_Creek,383,2477976.5,435108.5
2478012,434971,2478175,434992,2,Middle_Oak_Creek,384,2478093.5,434981.5
2478175,434992,2478280,435181,2,Middle_Oak_Creek,385,2478227.5,435086.5
2478280,435181,2478555,435129,2,Middle_Oak_Creek,386,2478417.5,435155
2478555,435129,2478709,434912,2,Middle_Oak_Creek,387,2478632,435020.5
2478709,434912,2478978,435041,2,Middle_Oak_Creek,388,2478843.5,434976.5
2478978,435041,2479241,435221,2,Middle_Oak_Creek,389,2479109.5,435131
2479241,435221,2479237,435542,2,Middle_Oak_Creek,390,2479239,435381.5
2479237,435542,2479300,435823,2,Middle_Oak_Creek,391,2479268.5,435682.5
2479300,435823,2479303,435954,2,Middle_Oak_Creek,392,2479301.5,435888.5
2479303,435954,2479604,436033,2,Middle_Oak_Creek,393,2479453.5,435993.5
2479604,436033,2479391,436220,2,Middle_Oak_Creek,394,2479497.5,436126.5
2479391,436220,2479566,436424,2,Middle_Oak_Creek,395,2479478.5,436322
2479566,436424,2479775,436312,2,Middle_Oak_Creek,396,2479670.5,436368
2479775,436312,2480018,436115,2,Middle_Oak_Creek,397,2479896.5,436213.5
2480018,436115,2480049,436288,2,Middle_Oak_Creek,398,2480033.5,436201.5
2480049,436288,2480011,436553,2,Middle_Oak_Creek,399,2480030,436420.5
2480011,436553,2480089,436741,2,Middle_Oak_Creek,400,2480050,436647
2480089,436741,2480179,436892,2,Middle_Oak_Creek,401,2480134,436816.5
2480179,436892,2480065,437035,2,Middle_Oak_Creek,402,2480122,436963.5
2480065,437035,2480248,437063,2,Middle_Oak_Creek,403,2480156.5,437049
2480248,437063,2480377,437285,2,Middle_Oak_Creek,404,2480312.5,437174
2480377,437285,2480459,437479,2,Middle_Oak_Creek,405,2480418,437382
2480459,437479,2480624,437285,2,Middle_Oak_Creek,406,2480541.5,437382
2480624,437285,2480625,436987,2,Middle_Oak_Creek,407,2480624.5,437136
2480625,436987,2480903,437037,2,Middle_Oak_Creek,408,2480764,437012
2480903,437037,2480913,437254,2,Middle_Oak_Creek,409,2480908,437145.5
2480913,437254,2481063,437309,2,Middle_Oak_Creek,410,2480988,437281.5
2481063,437309,2481267,437282,2,Middle_Oak_Creek,411,2481165,437295.5
2481267,437282,2481492,437168,2,Middle_Oak_Creek,412,2481379.5,437225
2481492,437168,2481520,436904,2,Middle_Oak_Creek,413,2481506,437036
2481520,436904,2481689,437024,2,Middle_Oak_Creek,414,2481604.5,436964
2481689,437024,2481908,437241,2,Middle_Oak_Creek,415,2481798.5,437132.5
2481908,437241,2482129,437124,2,Middle_Oak_Creek,416,2482018.5,437182.5
2482129,437124,2482429,437145,2,Middle_Oak_Creek,417,2482279,437134.5
2482429,437145,2482502,436873,2,Middle_Oak_Creek,418,2482465.5,437009
2482502,436873,2482711,436657,2,Middle_Oak_Creek,419,2482606.5,436765
2482711,436657,2482918,436436,2,Middle_Oak_Creek,420,2482814.5,436546.5
2482918,436436,2483038,436165,2,Middle_Oak_Creek,421,2482978,436300.5
2483038,436165,2483087,435910,2,Middle_Oak_Creek,422,2483062.5,436037.5
2483087,435910,2483355,435978,2,Middle_Oak_Creek,423,2483221,435944
2483355,435978,2483463,435721,2,Middle_Oak_Creek,424,2483409,435849.5
2483463,435721,2483587,435559,2,Middle_Oak_Creek,425,2483525,435640
2483587,435559,2483640,435816,2,Middle_Oak_Creek,426,2483613.5,435687.5
2483640,435816,2483829,435915,2,Middle_Oak_Creek,427,2483734.5,435865.5
2483829,435915,2484019,435657,2,Middle_Oak_Creek,428,2483924,435786
2484019,435657,2483891,435418,2,Middle_Oak_Creek,429,2483955,435537.5
2483891,435418,2483652,435240,2,Middle_Oak_Creek,430,2483771.5,435329
2483652,435240,2483786,435010,2,Middle_Oak_Creek,431,2483719,435125
2483786,435010,2484110,434967,2,Middle_Oak_Creek,432,2483948,434988.5
2484110,434967,2484181,435148,2,Middle_Oak_Creek,433,2484145.5,435057.5
2484181,435148,2484286,435333,2,Middle_Oak_Creek,434,2484233.5,435240.5
2484286,435333,2484417,435265,2,Middle_Oak_Creek,435,2484351.5,435299
2484417,435265,2484399,434993,2,Middle_Oak_Creek,436,2484408,435129
2484399,434993,2484629,434970,2,Middle_Oak_Creek,437,2484514,434981.5
2484629,434970,2484841,434826,2,Middle_Oak_Creek,438,2484735,434898
2484841,434826,2484986,435010,2,Middle_Oak_Creek,439,2484913.5,434918
2484986,435010,2485206,434822,2,Middle_Oak_Creek,440,2485096,434916
2485206,434822,2485203,434538,2,Middle_Oak_Creek,441,2485204.5,434680
2485203,434538,2485293,434269,2,Middle_Oak_Creek,442,2485248,434403.5
2485293,434269,2485574,434268,2,Middle_Oak_Creek,443,2485433.5,434268.5
2485574,434268,2485644,434571,2,Middle_Oak_Creek,444,2485609,434419.5
2485644,434571,2485804,434732,2,Middle_Oak_Creek,445,2485724,434651.5
2485804,434732,2486003,434596,2,Middle_Oak_Creek,446,2485903.5,434664
2486003,434596,2486005,434285,2,Middle_Oak_Creek,447,2486004,434440.5
2486005,434285,2486173,434029,2,Middle_Oak_Creek,448,2486089,434157
2486173,434029,2486458,434077,2,Middle_Oak_Creek,449,2486315.5,434053
2486458,434077,2486569,433913,2,Middle_Oak_Creek,450,2486513.5,433995
2486569,433913,2486698,433640,2,Middle_Oak_Creek,451,2486633.5,433776.5
2486698,433640,2486937,433820,2,Middle_Oak_Creek,452,2486817.5,433730
2486937,433820,2487190,433800,2,Middle_Oak_Creek,453,2487063.5,433810
2487190,433800,2487351,433566,2,Middle_Oak_Creek,454,2487270.5,433683
2487351,433566,2487636,433435,2,Middle_Oak_Creek,455,2487493.5,433500.5
2487636,433435,2487575,433126,2,Middle_Oak_Creek,456,2487605.5,433280.5
2487575,433126,2487651,432810,2,Middle_Oak_Creek,457,2487613,432968
2487651,432810,2487928,432731,2,Middle_Oak_Creek,458,2487789.5,432770.5
2487928,432731,2488234,432649,2,Middle_Oak_Creek,459,2488081,432690
2488234,432649,2488372,432413,2,Middle_Oak_Creek,460,2488303,432531
2488372,432413,2488406,432099,2,Middle_Oak_Creek,461,2488389,432256
2488406,432099,2488570,431875,2,Middle_Oak_Creek,462,2488488,431987
2488570,431875,2488746,431838,2,Middle_Oak_Creek,463,2488658,431856.5
2488746,431838,2488944,431892,2,Middle_Oak_Creek,464,2488845,431865
2488944,431892,2489197,431867,2,Middle_Oak_Creek,465,2489070.5,431879.5
2489197,431867,2489332,431648,2,Middle_Oak_Creek,466,2489264.5,431757.5
2489332,431648,2489427,431461,2,Middle_Oak_Creek,467,2489379.5,431554.5
2489427,431461,2489556,431398,2,Middle_Oak_Creek,468,2489491.5,431429.5
2489556,431398,2489772,431615,2,Middle_Oak_Creek,469,2489664,431506.5
2489772,431615,2489901,431357,2,Middle_Oak_Creek,470,2489836.5,431486
2489901,431357,2490170,431435,2,Middle_Oak_Creek,471,2490035.5,431396
2490170,431435,2490463,431394,2,Middle_Oak_Creek,472,2490316.5,431414.5
2490463,431394,2490572,431271,2,Middle_Oak_Creek,473,2490517.5,431332.5
2490572,431271,2490731,431113,2,Middle_Oak_Creek,474,2490651.5,431192
2490731,431113,2491046,431124,2,Middle_Oak_Creek,475,2490888.5,431118.5
2491046,431124,2491247,430914,2,Middle_Oak_Creek,476,2491146.5,431019
2491247,430914,2491465,430781,2,Middle_Oak_Creek,477,2491356,430847.5
2491465,430781,2491732,430626,2,Middle_Oak_Creek,478,2491598.5,430703.5
2491732,430626,2492049,430640,2,Middle_Oak_Creek,479,2491890.5,430633
2492049,430640,2492313,430484,2,Middle_Oak_Creek,480,2492181,430562
2492313,430484,2492593,430401,2,Middle_Oak_Creek,481,2492453,430442.5
2492593,430401,2492885,430526,2,Middle_Oak_Creek,482,2492739,430463.5
2492885,430526,2493175,430543,2,Middle_Oak_Creek,483,2493030,430534.5
2493175,430543,2493247,430222,2,Middle_Oak_Creek,484,2493211,430382.5
2493247,430222,2493394,429953,2,Middle_Oak_Creek,485,2493320.5,430087.5
2493394,429953,2493722,429931,2,Middle_Oak_Creek,486,2493558,429942
2493722,429931,2493720,430180,2,Middle_Oak_Creek,487,2493721,430055.5
2493720,430180,2493895,430101,2,Middle_Oak_Creek,488,2493807.5,430140.5
2493895,430101,2493931,429789,2,Middle_Oak_Creek,489,2493913,429945
2493931,429789,2494065,429534,2,Middle_Oak_Creek,490,2493998,429661.5
2494065,429534,2494369,429436,2,Middle_Oak_Creek,491,2494217,429485
2494369,429436,2494626,429364,2,Middle_Oak_Creek,492,2494497.5,429400
2494626,429364,2494800,429237,2,Middle_Oak_Creek,493,2494713,429300.5
2494800,429237,2495101,429368,2,Middle_Oak_Creek,494,2494950.5,429302.5
2495101,429368,2495298,429596,2,Middle_Oak_Creek,495,2495199.5,429482
2495298,429596,2495622,429653,2,Middle_Oak_Creek,496,2495460,429624.5
2495622,429653,2495948,429681,2,Middle_Oak_Creek,497,2495785,429667
2495948,429681,2496270,429610,2,Middle_Oak_Creek,498,2496109,429645.5
2496270,429610,2496564,429467,2,Middle_Oak_Creek,499,2496417,429538.5
2496564,429467,2496883,429394,2,Middle_Oak_Creek,500,2496723.5,429430.5
2496883,429394,2497209,429398,2,Middle_Oak_Creek,501,2497046,429396
2497209,429398,2497534,429350,2,Middle_Oak_Creek,502,2497371.5,429374
2497534,429350,2497780,429131,2,Middle_Oak_Creek,503,2497657,429240.5
2497780,429131,2497955,428876,2,Middle_Oak_Creek,504,2497867.5,429003.5
2497955,428876,2498191,428646,2,Middle_Oak_Creek,505,2498073,428761
2498191,428646,2498427,428415,2,Middle_Oak_Creek,506,2498309,428530.5
2498427,428415,2498663,428185,2,Middle_Oak_Creek,507,2498545,428300
2498663,428185,2498974,428159,2,Middle_Oak_Creek,508,2498818.5,428172
2498974,428159,2499244,428003,2,Middle_Oak_Creek,509,2499109,428081
2499244,428003,2499560,427960,2,Middle_Oak_Creek,510,2499402,427981.5
2499560,427960,2499872,427994,2,Middle_Oak_Creek,511,2499716,427977
2499872,427994,2500200,428002,2,Middle_Oak_Creek,512,2500036,427998
2500200,428002,2500530,428006,2,Middle_Oak_Creek,513,2500365,428004
2500530,428006,2500840,428056,2,Middle_Oak_Creek,514,2500685,428031
2500840,428056,2501112,428197,2,Middle_Oak_Creek,515,2500976,428126.5
2501112,428197,2501442,428201,2,Middle_Oak_Creek,516,2501277,428199
2501442,428201,2501772,428204,2,Middle_Oak_Creek,517,2501607,428202.5
2501772,428204,2502102,428208,2,Middle_Oak_Creek,518,2501937,428206
2502102,428208,2502432,428212,2,Middle_Oak_Creek,519,2502267,428210
2502432,428212,2502722,428310,2,Middle_Oak_Creek,520,2502577,428261
2502722,428310,2503013,428403,2,Middle_Oak_Creek,521,2502867.5,428356.5
2503013,428403,2503265,428586,2,Middle_Oak_Creek,522,2503139,428494.5
2503265,428586,2503595,428575,2,Middle_Oak_Creek,523,2503430,428580.5
2503595,428575,2503919,428607,2,Middle_Oak_Creek,524,2503757,428591
2503919,428607,2504175,428784,2,Middle_Oak_Creek,525,2504047,428695.5
2504175,428784,2504436,428950,2,Middle_Oak_Creek,526,2504305.5,428867
2504436,428950,2504679,429157,2,Middle_Oak_Creek,527,2504557.5,429053.5
2504679,429157,2505009,429161,2,Middle_Oak_Creek,528,2504844,429159
2505009,429161,2505260,429348,2,Middle_Oak_Creek,529,2505134.5,429254.5
2505260,429348,2505524,429506,2,Middle_Oak_Creek,530,2505392,429427
2505524,429506,2505755,429742,2,Middle_Oak_Creek,531,2505639.5,429624
2505755,429742,2505985,429979,2,Middle_Oak_Creek,532,2505870,429860.5
2505985,429979,2506216,430215,2,Middle_Oak_Creek,533,2506100.5,430097
2506216,430215,2506446,430451,2,Middle_Oak_Creek,534,2506331,430333
2506446,430451,2506757,430495,2,Middle_Oak_Creek,535,2506601.5,430473
2506757,430495,2506978,430723,2,Middle_Oak_Creek,536,2506867.5,430609
2506978,430723,2507238,430890,2,Middle_Oak_Creek,537,2507108,430806.5
2507238,430890,2507469,431126,2,Middle_Oak_Creek,538,2507353.5,431008
2507469,431126,2507699,431362,2,Middle_Oak_Creek,539,2507584,431244
2507699,431362,2507936,431583,2,Middle_Oak_Creek,540,2507817.5,431472.5
2507936,431583,2508266,431575,2,Middle_Oak_Creek,541,2508101,431579
2508266,431575,2508596,431569,2,Middle_Oak_Creek,542,2508431,431572
2508596,431569,2508925,431585,2,Middle_Oak_Creek,543,2508760.5,431577
2508925,431585,2509255,431593,2,Middle_Oak_Creek,544,2509090,431589
2509255,431593,2509385,431578,2,Middle_Oak_Creek,545,2509320,431585.5
2509385,431578,2509645,431375,3,Oak_Creek,546,2509515,431476.5
2509645,431375,2509932,431212,3,Oak_Creek,547,2509788.5,431293.5
2509932,431212,2510222,431055,3,Oak_Creek,548,2510077,431133.5
2510222,431055,2510345,430763,3,Oak_Creek,549,2510283.5,430909
2510345,430763,2510336,430433,3,Oak_Creek,550,2510340.5,430598
2510336,430433,2510326,430103,3,Oak_Creek,551,2510331,430268
2510326,430103,2510420,429800,3,Oak_Creek,552,2510373,429951.5
2510420,429800,2510570,429517,3,Oak_Creek,553,2510495,429658.5
2510570,429517,2510803,429713,3,Oak_Creek,554,2510686.5,429615
2510803,429713,2511079,429840,3,Oak_Creek,555,2510941,429776.5
2511079,429840,2511028,429573,3,Oak_Creek,556,2511053.5,429706.5
2511028,429573,2511039,429260,3,Oak_Creek,557,2511033.5,429416.5
2511039,429260,2511334,429189,3,Oak_Creek,558,2511186.5,429224.5
2511334,429189,2511563,429130,3,Oak_Creek,559,2511448.5,429159.5
2511563,429130,2511579,428841,3,Oak_Creek,560,2511571,428985.5
2511579,428841,2511905,428832,3,Oak_Creek,561,2511742,428836.5
2511905,428832,2512155,428650,3,Oak_Creek,562,2512030,428741
2512155,428650,2512202,428330,3,Oak_Creek,563,2512178.5,428490
2512202,428330,2512201,428023,3,Oak_Creek,564,2512201.5,428176.5
2512201,428023,2512280,427719,3,Oak_Creek,565,2512240.5,427871
2512280,427719,2512566,427573,3,Oak_Creek,566,2512423,427646
2512566,427573,2512841,427555,3,Oak_Creek,567,2512703.5,427564
2512841,427555,2512813,427231,3,Oak_Creek,568,2512827,427393
2512813,427231,2513042,427134,3,Oak_Creek,569,2512927.5,427182.5
2513042,427134,2513357,427051,3,Oak_Creek,570,2513199.5,427092.5
2513357,427051,2513396,426831,3,Oak_Creek,571,2513376.5,426941
2513396,426831,2513167,426607,3,Oak_Creek,572,2513281.5,426719
2513167,426607,2513333,426387,3,Oak_Creek,573,2513250,426497
2513333,426387,2513654,426315,3,Oak_Creek,574,2513493.5,426351
2513654,426315,2513943,426175,3,Oak_Creek,575,2513798.5,426245
2513943,426175,2514260,426215,3,Oak_Creek,576,2514101.5,426195
2514260,426215,2514395,426510,3,Oak_Creek,577,2514327.5,426362.5
2514395,426510,2514576,426553,3,Oak_Creek,578,2514485.5,426531.5
2514576,426553,2514666,426239,3,Oak_Creek,579,2514621,426396
2514666,426239,2514723,425946,3,Oak_Creek,580,2514694.5,426092.5
2514723,425946,2515021,425848,3,Oak_Creek,581,2514872,425897
2515021,425848,2515259,425704,3,Oak_Creek,582,2515140,425776
2515259,425704,2515086,425449,3,Oak_Creek,583,2515172.5,425576.5
2515086,425449,2515027,425128,3,Oak_Creek,584,2515056.5,425288.5
2515027,425128,2515195,425014,3,Oak_Creek,585,2515111,425071
2515195,425014,2515306,424818,3,Oak_Creek,586,2515250.5,424916
2515306,424818,2515576,424724,3,Oak_Creek,587,2515441,424771
2515576,424724,2515650,424440,3,Oak_Creek,588,2515613,424582
2515650,424440,2515615,424267,3,Oak_Creek,589,2515632.5,424353.5
2515615,424267,2515799,424066,3,Oak_Creek,590,2515707,424166.5
2515799,424066,2516050,424221,3,Oak_Creek,591,2515924.5,424143.5
2516050,424221,2516047,424520,3,Oak_Creek,592,2516048.5,424370.5
2516047,424520,2516119,424793,3,Oak_Creek,593,2516083,424656.5
2516119,424793,2516302,424542,3,Oak_Creek,594,2516210.5,424667.5
2516302,424542,2516530,424321,3,Oak_Creek,595,2516416,424431.5
2516530,424321,2516776,424451,3,Oak_Creek,596,2516653,424386
2516776,424451,2517086,424401,3,Oak_Creek,597,2516931,424426
2517086,424401,2517244,424398,3,Oak_Creek,598,2517165,424399.5
2517244,424398,2517245,424077,3,Oak_Creek,599,2517244.5,424237.5
2517245,424077,2517474,423899,3,Oak_Creek,600,2517359.5,423988
2517474,423899,2517740,424036,3,Oak_Creek,601,2517607,423967.5
2517740,424036,2517935,424156,3,Oak_Creek,602,2517837.5,424096
2517935,424156,2517813,424442,3,Oak_Creek,603,2517874,424299
2517813,424442,2518011,424646,3,Oak_Creek,604,2517912,424544
2518011,424646,2518334,424701,3,Oak_Creek,605,2518172.5,424673.5
2518334,424701,2518654,424653,3,Oak_Creek,606,2518494,424677
2518654,424653,2518947,424671,3,Oak_Creek,607,2518800.5,424662
2518947,424671,2518970,424960,3,Oak_Creek,608,2518958.5,424815.5
2518970,424960,2519198,424957,3,Oak_Creek,609,2519084,424958.5
2519198,424957,2519332,424664,3,Oak_Creek,610,2519265,424810.5
2519332,424664,2519120,424575,3,Oak_Creek,611,2519226,424619.5
2519120,424575,2519079,424252,3,Oak_Creek,612,2519099.5,424413.5
2519079,424252,2519269,424148,3,Oak_Creek,613,2519174,424200
2519269,424148,2519367,424439,3,Oak_Creek,614,2519318,424293.5
2519367,424439,2519569,424662,3,Oak_Creek,615,2519468,424550.5
2519569,424662,2519684,424854,3,Oak_Creek,616,2519626.5,424758
2519684,424854,2519896,424645,3,Oak_Creek,617,2519790,424749.5
2519896,424645,2520110,424444,3,Oak_Creek,618,2520003,424544.5
2520110,424444,2520397,424566,3,Oak_Creek,619,2520253.5,424505
2520397,424566,2520636,424424,3,Oak_Creek,620,2520516.5,424495
2520636,424424,2520666,424733,3,Oak_Creek,621,2520651,424578.5
2520666,424733,2520756,424986,3,Oak_Creek,622,2520711,424859.5
2520756,424986,2520975,424769,3,Oak_Creek,623,2520865.5,424877.5
2520975,424769,2521204,424602,3,Oak_Creek,624,2521089.5,424685.5
2521204,424602,2521128,424294,3,Oak_Creek,625,2521166,424448
2521128,424294,2521174,424081,3,Oak_Creek,626,2521151,424187.5
2521174,424081,2521349,424285,3,Oak_Creek,627,2521261.5,424183
2521349,424285,2521432,424602,3,Oak_Creek,628,2521390.5,424443.5
2521432,424602,2521429,424882,3,Oak_Creek,629,2521430.5,424742
2521429,424882,2521728,424755,3,Oak_Creek,630,2521578.5,424818.5
2521728,424755,2521962,424558,3,Oak_Creek,631,2521845,424656.5
2521962,424558,2522263,424664,3,Oak_Creek,632,2522112.5,424611
2522263,424664,2522535,424507,3,Oak_Creek,633,2522399,424585.5
2522535,424507,2522544,424269,3,Oak_Creek,634,2522539.5,424388
2522544,424269,2522326,424048,3,Oak_Creek,635,2522435,424158.5
2522326,424048,2522012,423948,3,Oak_Creek,636,2522169,423998
2522012,423948,2521780,424074,3,Oak_Creek,637,2521896,424011
2521780,424074,2521708,423795,3,Oak_Creek,638,2521744,423934.5
2521708,423795,2521941,423654,3,Oak_Creek,639,2521824.5,423724.5
2521941,423654,2522258,423609,3,Oak_Creek,640,2522099.5,423631.5
2522258,423609,2522538,423755,3,Oak_Creek,641,2522398,423682
2522538,423755,2522538,424018,3,Oak_Creek,642,2522538,423886.5
2522538,424018,2522746,423838,3,Oak_Creek,643,2522642,423928
2522746,423838,2522910,423556,3,Oak_Creek,644,2522828,423697
2522910,423556,2523070,423489,3,Oak_Creek,645,2522990,423522.5
2523070,423489,2523226,423725,3,Oak_Creek,646,2523148,423607
2523226,423725,2523538,423759,3,Oak_Creek,647,2523382,423742
2523538,423759,2523798,423677,3,Oak_Creek,648,2523668,423718
2523798,423677,2523593,423427,3,Oak_Creek,649,2523695.5,423552
2523593,423427,2523422,423149,3,Oak_Creek,650,2523507.5,423288
2523422,423149,2523671,423024,3,Oak_Creek,651,2523546.5,423086.5
2523671,423024,2523833,423201,3,Oak_Creek,652,2523752,423112.5
2523833,423201,2524083,423289,3,Oak_Creek,653,2523958,423245
2524083,423289,2524397,423335,3,Oak_Creek,654,2524240,423312
2524397,423335,2524711,423258,3,Oak_Creek,655,2524554,423296.5
2524711,423258,2525008,423272,3,Oak_Creek,656,2524859.5,423265
2525008,423272,2525320,423329,3,Oak_Creek,657,2525164,423300.5
2525320,423329,2525649,423317,3,Oak_Creek,658,2525484.5,423323
2525649,423317,2525975,423354,3,Oak_Creek,659,2525812,423335.5
2525975,423354,2526225,423494,3,Oak_Creek,660,2526100,423424
2526225,423494,2526159,423815,3,Oak_Creek,661,2526192,423654.5
2526159,423815,2526346,424035,3,Oak_Creek,662,2526252.5,423925
2526346,424035,2526470,424337,3,Oak_Creek,663,2526408,424186
2526470,424337,2526352,424381,3,Oak_Creek,664,2526411,424359
2526352,424381,2526491,424587,3,Oak_Creek,665,2526421.5,424484
2526491,424587,2526804,424691,3,Oak_Creek,666,2526647.5,424639
2526804,424691,2527041,424504,3,Oak_Creek,667,2526922.5,424597.5
2527041,424504,2527172,424227,3,Oak_Creek,668,2527106.5,424365.5
2527172,424227,2527335,424155,3,Oak_Creek,669,2527253.5,424191
2527335,424155,2527518,424037,3,Oak_Creek,670,2527426.5,424096
2527518,424037,2527504,423998,3,Oak_Creek,671,2527511,424017.5
2487193,504934,2487297,504671,4,North_Oak_Creek,672,2487245,504802.5
2487297,504671,2487441,504404,4,North_Oak_Creek,673,2487369,504537.5
2487441,504404,2487715,504258,4,North_Oak_Creek,674,2487578,504331
2487715,504258,2487923,504347,4,North_Oak_Creek,675,2487819,504302.5
2487923,504347,2487950,504087,4,North_Oak_Creek,676,2487936.5,504217
2487950,504087,2488004,503855,4,North_Oak_Creek,677,2487977,503971
2488004,503855,2488228,503749,4,North_Oak_Creek,678,2488116,503802
2488228,503749,2488481,503692,4,North_Oak_Creek,679,2488354.5,503720.5
2488481,503692,2488745,503818,4,North_Oak_Creek,680,2488613,503755
2488745,503818,2488858,503632,4,North_Oak_Creek,681,2488801.5,503725
2488858,503632,2488986,503785,4,North_Oak_Creek,682,2488922,503708.5
2488986,503785,2489111,503651,4,North_Oak_Creek,683,2489048.5,503718
2489111,503651,2489277,503391,4,North_Oak_Creek,684,2489194,503521
2489277,503391,2489558,503219,4,North_Oak_Creek,685,2489417.5,503305
2489558,503219,2489660,502926,4,North_Oak_Creek,686,2489609,503072.5
2489660,502926,2489847,502734,4,North_Oak_Creek,687,2489753.5,502830
2489847,502734,2490022,502570,4,North_Oak_Creek,688,2489934.5,502652
2490022,502570,2490259,502558,4,North_Oak_Creek,689,2490140.5,502564
2490259,502558,2490455,502379,4,North_Oak_Creek,690,2490357,502468.5
2490455,502379,2490416,502123,4,North_Oak_Creek,691,2490435.5,502251
2490416,502123,2490608,501904,4,North_Oak_Creek,692,2490512,502013.5
2490608,501904,2490898,501780,4,North_Oak_Creek,693,2490753,501842
2490898,501780,2491197,501775,4,North_Oak_Creek,694,2491047.5,501777.5
2491197,501775,2491414,501571,4,North_Oak_Creek,695,2491305.5,501673
2491414,501571,2491640,501343,4,North_Oak_Creek,696,2491527,501457
2491640,501343,2491684,501045,4,North_Oak_Creek,697,2491662,501194
2491684,501045,2491899,500795,4,North_Oak_Creek,698,2491791.5,500920
2491899,500795,2492165,500628,4,North_Oak_Creek,699,2492032,500711.5
2492165,500628,2492314,500356,4,North_Oak_Creek,700,2492239.5,500492
2492314,500356,2492230,500161,4,North_Oak_Creek,701,2492272,500258.5
2492230,500161,2492455,499942,4,North_Oak_Creek,702,2492342.5,500051.5
2492455,499942,2492600,499661,4,North_Oak_Creek,703,2492527.5,499801.5
2492600,499661,2492626,499337,4,North_Oak_Creek,704,2492613,499499
2492626,499337,2492772,499093,4,North_Oak_Creek,705,2492699,499215
2492772,499093,2492972,498842,4,North_Oak_Creek,706,2492872,498967.5
2492972,498842,2493174,498611,4,North_Oak_Creek,707,2493073,498726.5
2493174,498611,2493190,498428,4,North_Oak_Creek,708,2493182,498519.5
2493190,498428,2493314,498171,4,North_Oak_Creek,709,2493252,498299.5
2493314,498171,2493559,498143,4,North_Oak_Creek,710,2493436.5,498157
2493559,498143,2493672,497972,4,North_Oak_Creek,711,2493615.5,498057.5
2493672,497972,2493918,497795,4,North_Oak_Creek,712,2493795,497883.5
2493918,497795,2494047,497590,4,North_Oak_Creek,713,2493982.5,497692.5
2494047,497590,2494297,497647,4,North_Oak_Creek,714,2494172,497618.5
2494297,497647,2494403,497480,4,North_Oak_Creek,715,2494350,497563.5
2494403,497480,2494482,497210,4,North_Oak_Creek,716,2494442.5,497345
2494482,497210,2494699,497129,4,North_Oak_Creek,717,2494590.5,497169.5
2494699,497129,2495007,497055,4,North_Oak_Creek,718,2494853,497092
2495007,497055,2495192,497223,4,North_Oak_Creek,719,2495099.5,497139
2495192,497223,2495401,497060,4,North_Oak_Creek,720,2495296.5,497141.5
2495401,497060,2495455,497348,4,North_Oak_Creek,721,2495428,497204
2495455,497348,2495494,497461,4,North_Oak_Creek,722,2495474.5,497404.5
2495494,497461,2495652,497287,4,North_Oak_Creek,723,2495573,497374
2495652,497287,2495726,497021,4,North_Oak_Creek,724,2495689,497154
2495726,497021,2495861,496729,4,North_Oak_Creek,725,2495793.5,496875
2495861,496729,2495856,496600,4,North_Oak_Creek,726,2495858.5,496664.5
2483754,498094,2484041,497952,5,Middle_Oak_Creek,727,2483897.5,498023
2484041,497952,2484304,497945,5,Middle_Oak_Creek,728,2484172.5,497948.5
2484304,497945,2484499,498052,5,Middle_Oak_Creek,729,2484401.5,497998.5
2484499,498052,2484598,497824,5,Middle_Oak_Creek,730,2484548.5,497938
2484598,497824,2484882,497857,5,Middle_Oak_Creek,731,2484740,497840.5
2484882,497857,2485202,497789,5,Middle_Oak_Creek,732,2485042,497823
2485202,497789,2485479,497630,5,Middle_Oak_Creek,733,2485340.5,497709.5
2485479,497630,2485650,497359,5,Middle_Oak_Creek,734,2485564.5,497494.5
2485650,497359,2485887,497274,5,Middle_Oak_Creek,735,2485768.5,497316.5
2485887,497274,2486054,497540,5,Middle_Oak_Creek,736,2485970.5,497407
2486054,497540,2486171,497841,5,Middle_Oak_Creek,737,2486112.5,497690.5
2486171,497841,2486381,498012,5,Middle_Oak_Creek,738,2486276,497926.5
2486381,498012,2486452,497713,5,Middle_Oak_Creek,739,2486416.5,497862.5
2486452,497713,2486707,497518,5,Middle_Oak_Creek,740,2486579.5,497615.5
2486707,497518,2487025,497493,5,Middle_Oak_Creek,741,2486866,497505.5
2487025,497493,2487269,497663,5,Middle_Oak_Creek,742,2487147,497578
2487269,497663,2487474,497515,5,Middle_Oak_Creek,743,2487371.5,497589
2487474,497515,2487745,497639,5,Middle_Oak_Creek,744,2487609.5,497577
2487745,497639,2487968,497502,5,Middle_Oak_Creek,745,2487856.5,497570.5
2487968,497502,2488241,497352,5,Middle_Oak_Creek,746,2488104.5,497427
2488241,497352,2488464,497459,5,Middle_Oak_Creek,747,2488352.5,497405.5
2488464,497459,2488737,497547,5,Middle_Oak_Creek,748,2488600.5,497503
2488737,497547,2488862,497352,5,Middle_Oak_Creek,749,2488799.5,497449.5
2488862,497352,2488865,497028,5,Middle_Oak_Creek,750,2488863.5,497190
2488865,497028,2489017,496859,5,Middle_Oak_Creek,751,2488941,496943.5
2489017,496859,2489265,497056,5,Middle_Oak_Creek,752,2489141,496957.5
2489265,497056,2489575,496994,5,Middle_Oak_Creek,753,2489420,497025
2489575,496994,2489751,496729,5,Middle_Oak_Creek,754,2489663,496861.5
2489751,496729,2490062,496691,5,Middle_Oak_Creek,755,2489906.5,496710
2490062,496691,2490213,496951,5,Middle_Oak_Creek,756,2490137.5,496821
2490213,496951,2490443,496913,5,Middle_Oak_Creek,757,2490328,496932
2490443,496913,2490618,496728,5,Middle_Oak_Creek,758,2490530.5,496820.5
2490618,496728,2490883,496916,5,Middle_Oak_Creek,759,2490750.5,496822
2490883,496916,2491115,497118,5,Middle_Oak_Creek,760,2490999,497017
2491115,497118,2491267,496847,5,Middle_Oak_Creek,761,2491191,496982.5
2491267,496847,2491517,496645,5,Middle_Oak_Creek,762,2491392,496746
2491517,496645,2491827,496575,5,Middle_Oak_Creek,763,2491672,496610
2491827,496575,2492116,496427,5,Middle_Oak_Creek,764,2491971.5,496501
2492116,496427,2492353,496210,5,Middle_Oak_Creek,765,2492234.5,496318.5
2492353,496210,2492628,496061,5,Middle_Oak_Creek,766,2492490.5,496135.5
2492628,496061,2492930,496090,5,Middle_Oak_Creek,767,2492779,496075.5
2492930,496090,2493213,496203,5,Middle_Oak_Creek,768,2493071.5,496146.5
2493213,496203,2493142,496508,5,Middle_Oak_Creek,769,2493177.5,496355.5
2493142,496508,2493382,496546,5,Middle_Oak_Creek,770,2493262,496527
2493382,496546,2493604,496323,5,Middle_Oak_Creek,771,2493493,496434.5
2493604,496323,2493843,496216,5,Middle_Oak_Creek,772,2493723.5,496269.5
2493843,496216,2493953,495938,5,Middle_Oak_Creek,773,2493898,496077
2493953,495938,2494261,495891,5,Middle_Oak_Creek,774,2494107,495914.5
2494261,495891,2494499,495969,5,Middle_Oak_Creek,775,2494380,495930
2494499,495969,2494711,495853,5,Middle_Oak_Creek,776,2494605,495911
2494711,495853,2494859,495995,5,Middle_Oak_Creek,777,2494785,495924
2494859,495995,2494978,496261,5,Middle_Oak_Creek,778,2494918.5,496128
2494978,496261,2495241,496133,5,Middle_Oak_Creek,779,2495109.5,496197
2495241,496133,2495535,496082,5,Middle_Oak_Creek,780,2495388,496107.5
2495535,496082,2495637,496381,5,Middle_Oak_Creek,781,2495586,496231.5
2495637,496381,2495728,496602,5,Middle_Oak_Creek,782,2495682.5,496491.5
2495728,496602,2495856,496600,5,Middle_Oak_Creek,783,2495792,496601
2495856,496600,2496175,496598,6,North_Oak_Creek,784,2496015.5,496599
2496175,496598,2496492,496528,6,North_Oak_Creek,785,2496333.5,496563
2496492,496528,2496816,496547,6,North_Oak_Creek,786,2496654,496537.5
2496816,496547,2497145,496521,6,North_Oak_Creek,787,2496980.5,496534
2497145,496521,2497468,496550,6,North_Oak_Creek,788,2497306.5,496535.5
2497468,496550,2497776,496649,6,North_Oak_Creek,789,2497622,496599.5
2497776,496649,2498040,496668,6,North_Oak_Creek,790,2497908,496658.5
2498040,496668,2498035,496364,6,North_Oak_Creek,791,2498037.5,496516
2498035,496364,2498185,496073,6,North_Oak_Creek,792,2498110,496218.5
2498185,496073,2498450,495885,6,North_Oak_Creek,793,2498317.5,495979
2498450,495885,2498644,495655,6,North_Oak_Creek,794,2498547,495770
2498644,495655,2498856,495405,6,North_Oak_Creek,795,2498750,495530
2498856,495405,2499122,495299,6,North_Oak_Creek,796,2498989,495352
2499122,495299,2499296,495563,6,North_Oak_Creek,797,2499209,495431
2499296,495563,2499538,495423,6,North_Oak_Creek,798,2499417,495493
2499538,495423,2499779,495212,6,North_Oak_Creek,799,2499658.5,495317.5
2499779,495212,2500049,495227,6,North_Oak_Creek,800,2499914,495219.5
2500049,495227,2499913,495512,6,North_Oak_Creek,801,2499981,495369.5
2499913,495512,2500048,495683,6,North_Oak_Creek,802,2499980.5,495597.5
2500048,495683,2500307,495499,6,North_Oak_Creek,803,2500177.5,495591
2500307,495499,2500593,495449,6,North_Oak_Creek,804,2500450,495474
2500593,495449,2500606,495192,6,North_Oak_Creek,805,2500599.5,495320.5
2500606,495192,2500374,494973,6,North_Oak_Creek,806,2500490,495082.5
2500374,494973,2500435,494665,6,North_Oak_Creek,807,2500404.5,494819
2500435,494665,2500629,494405,6,North_Oak_Creek,808,2500532,494535
2500629,494405,2500747,494101,6,North_Oak_Creek,809,2500688,494253
2500747,494101,2500795,493777,6,North_Oak_Creek,810,2500771,493939
2500795,493777,2500702,493481,6,North_Oak_Creek,811,2500748.5,493629
2500702,493481,2500447,493282,6,North_Oak_Creek,812,2500574.5,493381.5
2500447,493282,2500573,493003,6,North_Oak_Creek,813,2500510,493142.5
2500573,493003,2500741,492825,6,North_Oak_Creek,814,2500657,492914
2500741,492825,2500570,492563,6,North_Oak_Creek,815,2500655.5,492694
2500570,492563,2500748,492379,6,North_Oak_Creek,816,2500659,492471
2500748,492379,2500982,492184,6,North_Oak_Creek,817,2500865,492281.5
2500982,492184,2500914,491865,6,North_Oak_Creek,818,2500948,492024.5
2500914,491865,2501012,491558,6,North_Oak_Creek,819,2500963,491711.5
2501012,491558,2501094,491248,6,North_Oak_Creek,820,2501053,491403
2501094,491248,2500949,490966,6,North_Oak_Creek,821,2501021.5,491107
2500949,490966,2501223,490890,6,North_Oak_Creek,822,2501086,490928
2501223,490890,2501528,490962,6,North_Oak_Creek,823,2501375.5,490926
2501528,490962,2501619,490658,6,North_Oak_Creek,824,2501573.5,490810
2501619,490658,2501320,490524,6,North_Oak_Creek,825,2501469.5,490591
2501320,490524,2501096,490310,6,North_Oak_Creek,826,2501208,490417
2501096,490310,2501217,490009,6,North_Oak_Creek,827,2501156.5,490159.5
2501217,490009,2501382,489731,6,North_Oak_Creek,828,2501299.5,489870
2501382,489731,2501506,489446,6,North_Oak_Creek,829,2501444,489588.5
2501506,489446,2501580,489164,6,North_Oak_Creek,830,2501543,489305
2501580,489164,2501714,488881,6,North_Oak_Creek,831,2501647,489022.5
2501714,488881,2501584,488714,6,North_Oak_Creek,832,2501649,488797.5
2501584,488714,2501734,488482,6,North_Oak_Creek,833,2501659,488598
2501734,488482,2501963,488588,6,North_Oak_Creek,834,2501848.5,488535
2501963,488588,2502001,488791,6,North_Oak_Creek,835,2501982,488689.5
2502001,488791,2502235,488639,6,North_Oak_Creek,836,2502118,488715
2502235,488639,2502161,488323,6,North_Oak_Creek,837,2502198,488481
2502161,488323,2501902,488146,6,North_Oak_Creek,838,2502031.5,488234.5
2501902,488146,2502002,487860,6,North_Oak_Creek,839,2501952,488003
2502002,487860,2502261,487671,6,North_Oak_Creek,840,2502131.5,487765.5
2502261,487671,2502380,487384,6,North_Oak_Creek,841,2502320.5,487527.5
2502380,487384,2502682,487388,6,North_Oak_Creek,842,2502531,487386
2502682,487388,2502873,487579,6,North_Oak_Creek,843,2502777.5,487483.5
2502873,487579,2503195,487547,6,North_Oak_Creek,844,2503034,487563
2503195,487547,2503474,487376,6,North_Oak_Creek,845,2503334.5,487461.5
2503474,487376,2503667,487227,6,North_Oak_Creek,846,2503570.5,487301.5
2503667,487227,2503689,486904,6,North_Oak_Creek,847,2503678,487065.5
2503689,486904,2503876,486701,6,North_Oak_Creek,848,2503782.5,486802.5
2503876,486701,2503857,486384,6,North_Oak_Creek,849,2503866.5,486542.5
2503857,486384,2503685,486107,6,North_Oak_Creek,850,2503771,486245.5
2503685,486107,2503670,485828,6,North_Oak_Creek,851,2503677.5,485967.5
2503670,485828,2503555,485530,6,North_Oak_Creek,852,2503612.5,485679
2503555,485530,2503494,485211,6,North_Oak_Creek,853,2503524.5,485370.5
2503494,485211,2503648,484931,6,North_Oak_Creek,854,2503571,485071
2503648,484931,2503863,485069,6,North_Oak_Creek,855,2503755.5,485000
2503863,485069,2504105,484897,6,North_Oak_Creek,856,2503984,484983
2504105,484897,2504248,484605,6,North_Oak_Creek,857,2504176.5,484751
2504248,484605,2504066,484370,6,North_Oak_Creek,858,2504157,484487.5
2504066,484370,2504061,484095,6,North_Oak_Creek,859,2504063.5,484232.5
2504061,484095,2504364,484090,6,North_Oak_Creek,860,2504212.5,484092.5
2504364,484090,2504648,484003,6,North_Oak_Creek,861,2504506,484046.5
2504648,484003,2504854,483758,6,North_Oak_Creek,862,2504751,483880.5
2504854,483758,2505064,483621,6,North_Oak_Creek,863,2504959,483689.5
2505064,483621,2505362,483523,6,North_Oak_Creek,864,2505213,483572
2505362,483523,2505554,483260,6,North_Oak_Creek,865,2505458,483391.5
2505554,483260,2505745,482997,6,North_Oak_Creek,866,2505649.5,483128.5
2505745,482997,2505928,482728,6,North_Oak_Creek,867,2505836.5,482862.5
2505928,482728,2506181,482558,6,North_Oak_Creek,868,2506054.5,482643
2506181,482558,2506454,482533,6,North_Oak_Creek,869,2506317.5,482545.5
2506454,482533,2506583,482238,6,North_Oak_Creek,870,2506518.5,482385.5
2506583,482238,2506594,481910,6,North_Oak_Creek,871,2506588.5,482074
2506594,481910,2506746,482130,6,North_Oak_Creek,872,2506670,482020
2506746,482130,2506967,482178,6,North_Oak_Creek,873,2506856.5,482154
2506967,482178,2506869,482442,6,North_Oak_Creek,874,2506918,482310
2506869,482442,2507106,482226,6,North_Oak_Creek,875,2506987.5,482334
2507106,482226,2506973,481976,6,North_Oak_Creek,876,2507039.5,482101
2506973,481976,2506769,481803,6,North_Oak_Creek,877,2506871,481889.5
2506769,481803,2506595,481543,6,North_Oak_Creek,878,2506682,481673
2506595,481543,2506730,481294,6,North_Oak_Creek,879,2506662.5,481418.5
2506730,481294,2506939,481196,6,North_Oak_Creek,880,2506834.5,481245
2506939,481196,2506970,480869,6,North_Oak_Creek,881,2506954.5,481032.5
2506970,480869,2507033,480549,6,North_Oak_Creek,882,2507001.5,480709
2507033,480549,2507272,480338,6,North_Oak_Creek,883,2507152.5,480443.5
2507272,480338,2507349,480019,6,North_Oak_Creek,884,2507310.5,480178.5
2507349,480019,2507427,479701,6,North_Oak_Creek,885,2507388,479860
2507427,479701,2507488,479389,6,North_Oak_Creek,886,2507457.5,479545
2507488,479389,2507469,479072,6,North_Oak_Creek,887,2507478.5,479230.5
2507469,479072,2507421,478756,6,North_Oak_Creek,888,2507445,478914
2507421,478756,2507314,478460,6,North_Oak_Creek,889,2507367.5,478608
2507314,478460,2507187,478172,6,North_Oak_Creek,890,2507250.5,478316
2507187,478172,2507328,477878,6,North_Oak_Creek,891,2507257.5,478025
2507328,477878,2507170,477662,6,North_Oak_Creek,892,2507249,477770
2507170,477662,2507221,477459,6,North_Oak_Creek,893,2507195.5,477560.5
2507221,477459,2507515,477423,6,North_Oak_Creek,894,2507368,477441
2507515,477423,2507660,477697,6,North_Oak_Creek,895,2507587.5,477560
2507660,477697,2507596,477967,6,North_Oak_Creek,896,2507628,477832
2507596,477967,2507837,477956,6,North_Oak_Creek,897,2507716.5,477961.5
2507837,477956,2507940,477683,6,North_Oak_Creek,898,2507888.5,477819.5
2507940,477683,2507897,477385,6,North_Oak_Creek,899,2507918.5,477534
2507897,477385,2507955,477132,6,North_Oak_Creek,900,2507926,477258.5
2507955,477132,2508255,477252,6,North_Oak_Creek,901,2508105,477192
2508255,477252,2508454,477025,6,North_Oak_Creek,902,2508354.5,477138.5
2508454,477025,2508553,476721,6,North_Oak_Creek,903,2508503.5,476873
2508553,476721,2508417,476461,6,North_Oak_Creek,904,2508485,476591
2508417,476461,2508283,476165,6,North_Oak_Creek,905,2508350,476313
2508283,476165,2507989,476015,6,North_Oak_Creek,906,2508136,476090
2507989,476015,2507741,476171,6,North_Oak_Creek,907,2507865,476093
2507741,476171,2507565,475910,6,North_Oak_Creek,908,2507653,476040.5
2507565,475910,2507771,475680,6,North_Oak_Creek,909,2507668,475795
2507771,475680,2508087,475686,6,North_Oak_Creek,910,2507929,475683
2508087,475686,2508383,475815,6,North_Oak_Creek,911,2508235,475750.5
2508383,475815,2508633,475750,6,North_Oak_Creek,912,2508508,475782.5
2508633,475750,2508553,475442,6,North_Oak_Creek,913,2508593,475596
2508553,475442,2508445,475183,6,North_Oak_Creek,914,2508499,475312.5
2508445,475183,2508119,475199,6,North_Oak_Creek,915,2508282,475191
2508119,475199,2507797,475247,6,North_Oak_Creek,916,2507958,475223
2507797,475247,2507499,475159,6,North_Oak_Creek,917,2507648,475203
2507499,475159,2507498,474833,6,North_Oak_Creek,918,2507498.5,474996
2507498,474833,2507655,474716,6,North_Oak_Creek,919,2507576.5,474774.5
2507655,474716,2507549,474421,6,North_Oak_Creek,920,2507602,474568.5
2507549,474421,2507345,474245,6,North_Oak_Creek,921,2507447,474333
2507345,474245,2507160,474061,6,North_Oak_Creek,922,2507252.5,474153
2507160,474061,2507421,473934,6,North_Oak_Creek,923,2507290.5,473997.5
2507421,473934,2507594,473951,6,North_Oak_Creek,924,2507507.5,473942.5
2507594,473951,2507806,473709,6,North_Oak_Creek,925,2507700,473830
2507806,473709,2508017,473567,6,North_Oak_Creek,926,2507911.5,473638
2508017,473567,2508058,473657,6,North_Oak_Creek,927,2508037.5,473612
2508058,473657,2507965,473971,6,North_Oak_Creek,928,2508011.5,473814
2507965,473971,2507867,474221,6,North_Oak_Creek,929,2507916,474096
2507867,474221,2508186,474177,6,North_Oak_Creek,930,2508026.5,474199
2508186,474177,2508403,473942,6,North_Oak_Creek,931,2508294.5,474059.5
2508403,473942,2508447,473692,6,North_Oak_Creek,932,2508425,473817
2508447,473692,2508418,473426,6,North_Oak_Creek,933,2508432.5,473559
2508418,473426,2508417,473240,6,North_Oak_Creek,934,2508417.5,473333
2508417,473240,2508228,473001,6,North_Oak_Creek,935,2508322.5,473120.5
2508228,473001,2508466,472837,6,North_Oak_Creek,936,2508347,472919
2508466,472837,2508751,472959,6,North_Oak_Creek,937,2508608.5,472898
2508751,472959,2508931,473216,6,North_Oak_Creek,938,2508841,473087.5
2508931,473216,2508977,473001,6,North_Oak_Creek,939,2508954,473108.5
2508977,473001,2509161,472987,6,North_Oak_Creek,940,2509069,472994
2509161,472987,2509027,472732,6,North_Oak_Creek,941,2509094,472859.5
2509027,472732,2509044,472640,6,North_Oak_Creek,942,2509035.5,472686
2509044,472640,2509355,472582,6,North_Oak_Creek,943,2509199.5,472611
2509355,472582,2509481,472375,6,North_Oak_Creek,944,2509418,472478.5
2509481,472375,2509311,472176,6,North_Oak_Creek,945,2509396,472275.5
2509311,472176,2509536,472037,6,North_Oak_Creek,946,2509423.5,472106.5
2509536,472037,2509757,472245,6,North_Oak_Creek,947,2509646.5,472141
2509757,472245,2509944,472510,6,North_Oak_Creek,948,2509850.5,472377.5
2509944,472510,2510020,472800,6,North_Oak_Creek,949,2509982,472655
2510020,472800,2510149,473060,6,North_Oak_Creek,950,2510084.5,472930
2510149,473060,2510388,472876,6,North_Oak_Creek,951,2510268.5,472968
2510388,472876,2510431,472552,6,North_Oak_Creek,952,2510409.5,472714
2510431,472552,2510443,472265,6,North_Oak_Creek,953,2510437,472408.5
2510443,472265,2510642,472114,6,North_Oak_Creek,954,2510542.5,472189.5
2510642,472114,2510938,472204,6,North_Oak_Creek,955,2510790,472159
2510938,472204,2510870,471935,6,North_Oak_Creek,956,2510904,472069.5
2510870,471935,2510600,471902,6,North_Oak_Creek,957,2510735,471918.5
2510600,471902,2510652,471579,6,North_Oak_Creek,958,2510626,471740.5
2510652,471579,2510814,471300,6,North_Oak_Creek,959,2510733,471439.5
2510814,471300,2511019,471148,6,North_Oak_Creek,960,2510916.5,471224
2487530,476535,2487779,476733,7,Bates_Branch,961,2487654.5,476634
2487779,476733,2488072,476743,7,Bates_Branch,962,2487925.5,476738
2488072,476743,2488309,476564,7,Bates_Branch,963,2488190.5,476653.5
2488309,476564,2488451,476792,7,Bates_Branch,964,2488380,476678
2488451,476792,2488620,476791,7,Bates_Branch,965,2488535.5,476791.5
2488620,476791,2488793,476626,7,Bates_Branch,966,2488706.5,476708.5
2488793,476626,2489058,476770,7,Bates_Branch,967,2488925.5,476698
2489058,476770,2489286,476872,7,Bates_Branch,968,2489172,476821
2489286,476872,2489574,476758,8,Bates_Branch,969,2489430,476815
2489574,476758,2489889,476843,8,Bates_Branch,970,2489731.5,476800.5
2489889,476843,2490181,476705,8,Bates_Branch,971,2490035,476774
2490181,476705,2490412,476524,8,Bates_Branch,972,2490296.5,476614.5
2490412,476524,2490734,476475,8,Bates_Branch,973,2490573,476499.5
2490734,476475,2490818,476210,8,Bates_Branch,974,2490776,476342.5
2490818,476210,2491028,476138,8,Bates_Branch,975,2490923,476174
2491028,476138,2491106,476359,8,Bates_Branch,976,2491067,476248.5
2491106,476359,2491362,476181,8,Bates_Branch,977,2491234,476270
2491362,476181,2491668,476081,8,Bates_Branch,978,2491515,476131
2491668,476081,2491887,475962,8,Bates_Branch,979,2491777.5,476021.5
2491887,475962,2492100,475899,8,Bates_Branch,980,2491993.5,475930.5
2492100,475899,2492354,475900,8,Bates_Branch,981,2492227,475899.5
2492354,475900,2492355,476147,8,Bates_Branch,982,2492354.5,476023.5
2492355,476147,2492607,475987,8,Bates_Branch,983,2492481,476067
2492607,475987,2492808,475816,8,Bates_Branch,984,2492707.5,475901.5
2492808,475816,2493021,475733,8,Bates_Branch,985,2492914.5,475774.5
2493021,475733,2493049,475498,8,Bates_Branch,986,2493035,475615.5
2493049,475498,2493277,475338,8,Bates_Branch,987,2493163,475418
2493277,475338,2493320,475153,8,Bates_Branch,988,2493298.5,475245.5
2493320,475153,2493408,474902,8,Bates_Branch,989,2493364,475027.5
2493408,474902,2493633,474860,8,Bates_Branch,990,2493520.5,474881
2493633,474860,2493599,474618,8,Bates_Branch,991,2493616,474739
2493599,474618,2493745,474558,8,Bates_Branch,992,2493672,474588
2493745,474558,2493860,474397,8,Bates_Branch,993,2493802.5,474477.5
2493860,474397,2493935,474286,8,Bates_Branch,994,2493897.5,474341.5
2493935,474286,2494219,474328,8,Bates_Branch,995,2494077,474307
2494219,474328,2494439,474170,8,Bates_Branch,996,2494329,474249
2494439,474170,2494673,473995,8,Bates_Branch,997,2494556,474082.5
2494673,473995,2494844,473911,8,Bates_Branch,998,2494758.5,473953
2494844,473911,2495127,473918,8,Bates_Branch,999,2494985.5,473914.5
2495127,473918,2495436,473913,8,Bates_Branch,1000,2495281.5,473915.5
2495436,473913,2495667,473898,8,Bates_Branch,1001,2495551.5,473905.5
2495667,473898,2495911,473905,8,Bates_Branch,1002,2495789,473901.5
2495911,473905,2496213,473954,8,Bates_Branch,1003,2496062,473929.5
2496213,473954,2496416,473868,8,Bates_Branch,1004,2496314.5,473911
2496416,473868,2496669,473897,8,Bates_Branch,1005,2496542.5,473882.5
2496669,473897,2496881,473942,8,Bates_Branch,1006,2496775,473919.5
2496881,473942,2497112,473986,8,Bates_Branch,1007,2496996.5,473964
2497112,473986,2497260,473857,8,Bates_Branch,1008,2497186,473921.5
2497260,473857,2497420,474049,8,Bates_Branch,1009,2497340,473953
2497420,474049,2497636,473945,8,Bates_Branch,1010,2497528,473997
2497636,473945,2497901,473817,8,Bates_Branch,1011,2497768.5,473881
2497901,473817,2497944,473942,8,Bates_Branch,1012,2497922.5,473879.5
2497944,473942,2498002,474177,8,Bates_Branch,1013,2497973,474059.5
2498002,474177,2498194,473934,8,Bates_Branch,1014,2498098,474055.5
2498194,473934,2498451,474044,8,Bates_Branch,1015,2498322.5,473989
2498451,474044,2498761,473994,8,Bates_Branch,1016,2498606,474019
2498761,473994,2498973,473784,8,Bates_Branch,1017,2498867,473889
2498973,473784,2499193,473635,8,Bates_Branch,1018,2499083,473709.5
2499193,473635,2499455,473449,8,Bates_Branch,1019,2499324,473542
2499455,473449,2499738,473302,8,Bates_Branch,1020,2499596.5,473375.5
2499738,473302,2500000,473196,8,Bates_Branch,1021,2499869,473249
2500000,473196,2500213,473064,8,Bates_Branch,1022,2500106.5,473130
2500213,473064,2500472,473018,8,Bates_Branch,1023,2500342.5,473041
2500472,473018,2500737,472867,8,Bates_Branch,1024,2500604.5,472942.5
2500737,472867,2501058,472920,8,Bates_Branch,1025,2500897.5,472893.5
2501058,472920,2501233,472706,8,Bates_Branch,1026,2501145.5,472813
2501233,472706,2501483,472546,8,Bates_Branch,1027,2501358,472626
2501483,472546,2501758,472490,8,Bates_Branch,1028,2501620.5,472518
2501758,472490,2502044,472425,8,Bates_Branch,1029,2501901,472457.5
2502044,472425,2502315,472264,8,Bates_Branch,1030,2502179.5,472344.5
2502315,472264,2502602,472288,8,Bates_Branch,1031,2502458.5,472276
2502602,472288,2502921,472217,8,Bates_Branch,1032,2502761.5,472252.5
2502921,472217,2503220,472095,8,Bates_Branch,1033,2503070.5,472156
2503220,472095,2503513,471962,8,Bates_Branch,1034,2503366.5,472028.5
2503513,471962,2503743,471735,8,Bates_Branch,1035,2503628,471848.5
2503743,471735,2503916,471461,8,Bates_Branch,1036,2503829.5,471598
2503916,471461,2504185,471472,8,Bates_Branch,1037,2504050.5,471466.5
2504185,471472,2504494,471381,8,Bates_Branch,1038,2504339.5,471426.5
2504494,471381,2504818,471378,8,Bates_Branch,1039,2504656,471379.5
2504818,471378,2505024,471124,8,Bates_Branch,1040,2504921,471251
2505024,471124,2505335,471038,8,Bates_Branch,1041,2505179.5,471081
2505335,471038,2505470,470948,8,Bates_Branch,1042,2505402.5,470993
2505470,470948,2505415,470627,8,Bates_Branch,1043,2505442.5,470787.5
2505415,470627,2505699,470465,8,Bates_Branch,1044,2505557,470546
2505699,470465,2505981,470306,8,Bates_Branch,1045,2505840,470385.5
2505981,470306,2506182,470359,8,Bates_Branch,1046,2506081.5,470332.5
2506182,470359,2506215,470617,8,Bates_Branch,1047,2506198.5,470488
2506215,470617,2506422,470595,8,Bates_Branch,1048,2506318.5,470606
2506422,470595,2506716,470590,8,Bates_Branch,1049,2506569,470592.5
2506716,470590,2506846,470388,8,Bates_Branch,1050,2506781,470489
2506846,470388,2507102,470344,8,Bates_Branch,1051,2506974,470366
2507102,470344,2507362,470469,8,Bates_Branch,1052,2507232,470406.5
2507362,470469,2507660,470438,8,Bates_Branch,1053,2507511,470453.5
2507660,470438,2507965,470500,8,Bates_Branch,1054,2507812.5,470469
2507965,470500,2508247,470669,8,Bates_Branch,1055,2508106,470584.5
2508247,470669,2508523,470845,8,Bates_Branch,1056,2508385,470757
2508523,470845,2508821,470974,8,Bates_Branch,1057,2508672,470909.5
2508821,470974,2509089,471164,8,Bates_Branch,1058,2508955,471069
2509089,471164,2509375,471327,8,Bates_Branch,1059,2509232,471245.5
2509375,471327,2509439,471623,8,Bates_Branch,1060,2509407,471475
2509439,471623,2509665,471556,8,Bates_Branch,1061,2509552,471589.5
2509665,471556,2509675,471246,8,Bates_Branch,1062,2509670,471401
2509675,471246,2509880,471239,8,Bates_Branch,1063,2509777.5,471242.5
2509880,471239,2510028,471483,8,Bates_Branch,1064,2509954,471361
2510028,471483,2510046,471804,8,Bates_Branch,1065,2510037,471643.5
2510046,471804,2510215,471602,8,Bates_Branch,1066,2510130.5,471703
2510215,471602,2510370,471328,8,Bates_Branch,1067,2510292.5,471465
2510370,471328,2510597,471092,8,Bates_Branch,1068,2510483.5,471210
2510597,471092,2510885,471120,8,Bates_Branch,1069,2510741,471106
2510885,471120,2511019,471148,8,Bates_Branch,1070,2510952,471134
2511019,471148,2511111,470882,9,North_Oak_Creek,1071,2511065,471015
2511111,470882,2511137,470585,9,North_Oak_Creek,1072,2511124,470733.5
2511137,470585,2511361,470469,9,North_Oak_Creek,1073,2511249,470527
2511361,470469,2511577,470301,9,North_Oak_Creek,1074,2511469,470385
2511577,470301,2511280,470209,9,North_Oak_Creek,1075,2511428.5,470255
2511280,470209,2511140,470021,9,North_Oak_Creek,1076,2511210,470115
2511140,470021,2511197,469702,9,North_Oak_Creek,1077,2511168.5,469861.5
2511197,469702,2511013,469431,9,North_Oak_Creek,1078,2511105,469566.5
2511013,469431,2511028,469219,9,North_Oak_Creek,1079,2511020.5,469325
2511028,469219,2511318,469106,9,North_Oak_Creek,1080,2511173,469162.5
2511318,469106,2511420,468846,9,North_Oak_Creek,1081,2511369,468976
2511420,468846,2511441,468559,9,North_Oak_Creek,1082,2511430.5,468702.5
2511441,468559,2511650,468319,9,North_Oak_Creek,1083,2511545.5,468439
2511650,468319,2511787,468033,9,North_Oak_Creek,1084,2511718.5,468176
2511787,468033,2511966,467760,9,North_Oak_Creek,1085,2511876.5,467896.5
2511966,467760,2511991,467436,9,North_Oak_Creek,1086,2511978.5,467598
2511991,467436,2512015,467109,9,North_Oak_Creek,1087,2512003,467272.5
2512015,467109,2512319,467071,9,North_Oak_Creek,1088,2512167,467090
2512319,467071,2512556,466966,9,North_Oak_Creek,1089,2512437.5,467018.5
2512556,466966,2512392,466687,9,North_Oak_Creek,1090,2512474,466826.5
2512392,466687,2512155,466470,9,North_Oak_Creek,1091,2512273.5,466578.5
2512155,466470,2511875,466519,9,North_Oak_Creek,1092,2512015,466494.5
2511875,466519,2511613,466458,9,North_Oak_Creek,1093,2511744,466488.5
2511613,466458,2511620,466132,9,North_Oak_Creek,1094,2511616.5,466295
2511620,466132,2511656,465807,9,North_Oak_Creek,1095,2511638,465969.5
2511656,465807,2511603,465489,9,North_Oak_Creek,1096,2511629.5,465648
2511603,465489,2511497,465201,9,North_Oak_Creek,1097,2511550,465345
2511497,465201,2511799,465077,9,North_Oak_Creek,1098,2511648,465139
2511799,465077,2512027,465060,9,North_Oak_Creek,1099,2511913,465068.5
2512027,465060,2511947,464745,9,North_Oak_Creek,1100,2511987,464902.5
2511947,464745,2511759,464477,9,North_Oak_Creek,1101,2511853,464611
2511759,464477,2511991,464310,9,North_Oak_Creek,1102,2511875,464393.5
2511991,464310,2512294,464279,9,North_Oak_Creek,1103,2512142.5,464294.5
2512294,464279,2512452,464019,9,North_Oak_Creek,1104,2512373,464149
2512452,464019,2512688,463806,9,North_Oak_Creek,1105,2512570,463912.5
2512688,463806,2512819,463513,9,North_Oak_Creek,1106,2512753.5,463659.5
2512819,463513,2513093,463333,9,North_Oak_Creek,1107,2512956,463423
2513093,463333,2513361,463466,9,North_Oak_Creek,1108,2513227,463399.5
2513361,463466,2513689,463492,9,North_Oak_Creek,1109,2513525,463479
2513689,463492,2514018,463505,9,North_Oak_Creek,1110,2513853.5,463498.5
2514018,463505,2514127,463797,9,North_Oak_Creek,1111,2514072.5,463651
2514127,463797,2514407,463880,9,North_Oak_Creek,1112,2514267,463838.5
2514407,463880,2514694,463889,9,North_Oak_Creek,1113,2514550.5,463884.5
2514694,463889,2514852,463606,9,North_Oak_Creek,1114,2514773,463747.5
2514852,463606,2514718,463416,9,North_Oak_Creek,1115,2514785,463511
2514718,463416,2514448,463487,9,North_Oak_Creek,1116,2514583,463451.5
2514448,463487,2514274,463274,9,North_Oak_Creek,1117,2514361,463380.5
2514274,463274,2514173,462972,9,North_Oak_Creek,1118,2514223.5,463123
2514173,462972,2514392,462769,9,North_Oak_Creek,1119,2514282.5,462870.5
2514392,462769,2514523,462567,9,North_Oak_Creek,1120,2514457.5,462668
2514523,462567,2514450,462248,9,North_Oak_Creek,1121,2514486.5,462407.5
2514450,462248,2514324,461986,9,North_Oak_Creek,1122,2514387,462117
2514324,461986,2514596,461809,9,North_Oak_Creek,1123,2514460,461897.5
2514596,461809,2514626,461518,9,North_Oak_Creek,1124,2514611,461663.5
2514626,461518,2514474,461234,9,North_Oak_Creek,1125,2514550,461376
2514474,461234,2514408,460917,9,North_Oak_Creek,1126,2514441,461075.5
2514408,460917,2514562,460667,9,North_Oak_Creek,1127,2514485,460792
2514562,460667,2514859,460645,9,North_Oak_Creek,1128,2514710.5,460656
2514859,460645,2515065,460847,9,North_Oak_Creek,1129,2514962,460746
2515065,460847,2515082,460638,9,North_Oak_Creek,1130,2515073.5,460742.5
2515082,460638,2515196,460447,9,North_Oak_Creek,1131,2515139,460542.5
2515196,460447,2515424,460304,9,North_Oak_Creek,1132,2515310,460375.5
2515424,460304,2515564,460097,9,North_Oak_Creek,1133,2515494,460200.5
2515564,460097,2515508,459786,9,North_Oak_Creek,1134,2515536,459941.5
2515508,459786,2515707,459631,9,North_Oak_Creek,1135,2515607.5,459708.5
2515707,459631,2515711,459948,9,North_Oak_Creek,1136,2515709,459789.5
2515711,459948,2516013,460070,9,North_Oak_Creek,1137,2515862,460009
2516013,460070,2516236,459933,9,North_Oak_Creek,1138,2516124.5,460001.5
2516236,459933,2516179,459614,9,North_Oak_Creek,1139,2516207.5,459773.5
2516179,459614,2516191,459297,9,North_Oak_Creek,1140,2516185,459455.5
2516191,459297,2516424,459066,9,North_Oak_Creek,1141,2516307.5,459181.5
2516424,459066,2516646,458824,9,North_Oak_Creek,1142,2516535,458945
2516646,458824,2516835,458555,9,North_Oak_Creek,1143,2516740.5,458689.5
2516835,458555,2516969,458256,9,North_Oak_Creek,1144,2516902,458405.5
2516969,458256,2517060,457940,9,North_Oak_Creek,1145,2517014.5,458098
2517060,457940,2517210,457646,9,North_Oak_Creek,1146,2517135,457793
2517210,457646,2517361,457356,9,North_Oak_Creek,1147,2517285.5,457501
2517361,457356,2517672,457268,9,North_Oak_Creek,1148,2517516.5,457312
2517672,457268,2517994,457224,9,North_Oak_Creek,1149,2517833,457246
2517994,457224,2518242,457026,9,North_Oak_Creek,1150,2518118,457125
2518242,457026,2518238,456715,9,North_Oak_Creek,1151,2518240,456870.5
2518238,456715,2518244,456390,9,North_Oak_Creek,1152,2518241,456552.5
2518244,456390,2518166,456081,9,North_Oak_Creek,1153,2518205,456235.5
2518166,456081,2517927,455868,9,North_Oak_Creek,1154,2518046.5,455974.5
2517927,455868,2517641,455741,9,North_Oak_Creek,1155,2517784,455804.5
2517641,455741,2517577,455418,9,North_Oak_Creek,1156,2517609,455579.5
2517577,455418,2517687,455289,9,North_Oak_Creek,1157,2517632,455353.5
2517687,455289,2517936,455341,9,North_Oak_Creek,1158,2517811.5,455315
2517936,455341,2518158,455104,9,North_Oak_Creek,1159,2518047,455222.5
2518158,455104,2518160,454822,9,North_Oak_Creek,1160,2518159,454963
2518160,454822,2518081,454507,9,North_Oak_Creek,1161,2518120.5,454664.5
2518081,454507,2518210,454209,9,North_Oak_Creek,1162,2518145.5,454358
2518210,454209,2518333,453911,9,North_Oak_Creek,1163,2518271.5,454060
2518333,453911,2518387,453589,9,North_Oak_Creek,1164,2518360,453750
2518387,453589,2518244,453302,9,North_Oak_Creek,1165,2518315.5,453445.5
2518244,453302,2518436,453057,9,North_Oak_Creek,1166,2518340,453179.5
2518436,453057,2518369,452753,9,North_Oak_Creek,1167,2518402.5,452905
2518369,452753,2518420,452501,9,North_Oak_Creek,1168,2518394.5,452627
2518420,452501,2518706,452454,9,North_Oak_Creek,1169,2518563,452477.5
2518706,452454,2518960,452333,9,North_Oak_Creek,1170,2518833,452393.5
2518960,452333,2519062,452020,9,North_Oak_Creek,1171,2519011,452176.5
2519062,452020,2519243,451759,9,North_Oak_Creek,1172,2519152.5,451889.5
2519243,451759,2519532,451605,9,North_Oak_Creek,1173,2519387.5,451682
2519532,451605,2519832,451471,9,North_Oak_Creek,1174,2519682,451538
2519832,451471,2520038,451251,9,North_Oak_Creek,1175,2519935,451361
2520038,451251,2519965,450945,9,North_Oak_Creek,1176,2520001.5,451098
2519965,450945,2519649,450987,9,North_Oak_Creek,1177,2519807,450966
2519649,450987,2519388,450817,9,North_Oak_Creek,1178,2519518.5,450902
2519388,450817,2519471,450514,9,North_Oak_Creek,1179,2519429.5,450665.5
2519471,450514,2519644,450235,9,North_Oak_Creek,1180,2519557.5,450374.5
2519644,450235,2519754,449944,9,North_Oak_Creek,1181,2519699,450089.5
2519754,449944,2519637,449660,9,North_Oak_Creek,1182,2519695.5,449802
2519637,449660,2519924,449643,9,North_Oak_Creek,1183,2519780.5,449651.5
2519924,449643,2520251,449636,9,North_Oak_Creek,1184,2520087.5,449639.5
2520251,449636,2520368,449399,9,North_Oak_Creek,1185,2520309.5,449517.5
2520368,449399,2520368,449399,9,North_Oak_Creek,1186,2520368,449399
2499937,459291,2500201,459239,10,Wagon_Tongue_Creek,1187,2500069,459265
2500201,459239,2500470,459084,10,Wagon_Tongue_Creek,1188,2500335.5,459161.5
2500470,459084,2500702,459189,10,Wagon_Tongue_Creek,1189,2500586,459136.5
2500702,459189,2500922,459204,10,Wagon_Tongue_Creek,1190,2500812,459196.5
2500922,459204,2500888,458931,10,Wagon_Tongue_Creek,1191,2500905,459067.5
2500888,458931,2501165,458917,10,Wagon_Tongue_Creek,1192,2501026.5,458924
2501165,458917,2501181,458634,10,Wagon_Tongue_Creek,1193,2501173,458775.5
2501181,458634,2501367,458838,10,Wagon_Tongue_Creek,1194,2501274,458736
2501367,458838,2501470,458832,10,Wagon_Tongue_Creek,1195,2501418.5,458835
2501470,458832,2501454,458526,10,Wagon_Tongue_Creek,1196,2501462,458679
2501454,458526,2501319,458307,10,Wagon_Tongue_Creek,1197,2501386.5,458416.5
2501319,458307,2501589,458186,10,Wagon_Tongue_Creek,1198,2501454,458246.5
2501589,458186,2501662,457983,10,Wagon_Tongue_Creek,1199,2501625.5,458084.5
2501662,457983,2501863,457762,10,Wagon_Tongue_Creek,1200,2501762.5,457872.5
2501863,457762,2502052,457665,10,Wagon_Tongue_Creek,1201,2501957.5,457713.5
2502052,457665,2502358,457588,10,Wagon_Tongue_Creek,1202,2502205,457626.5
2502358,457588,2502595,457421,10,Wagon_Tongue_Creek,1203,2502476.5,457504.5
2502595,457421,2502761,457559,10,Wagon_Tongue_Creek,1204,2502678,457490
2502761,457559,2502945,457465,10,Wagon_Tongue_Creek,1205,2502853,457512
2502945,457465,2503161,457229,10,Wagon_Tongue_Creek,1206,2503053,457347
2503161,457229,2503455,457211,10,Wagon_Tongue_Creek,1207,2503308,457220
2503455,457211,2503722,457215,10,Wagon_Tongue_Creek,1208,2503588.5,457213
2503722,457215,2503806,457074,10,Wagon_Tongue_Creek,1209,2503764,457144.5
2503806,457074,2503745,456798,10,Wagon_Tongue_Creek,1210,2503775.5,456936
2503745,456798,2503994,456685,10,Wagon_Tongue_Creek,1211,2503869.5,456741.5
2503994,456685,2504005,456379,10,Wagon_Tongue_Creek,1212,2503999.5,456532
2504005,456379,2504143,456624,10,Wagon_Tongue_Creek,1213,2504074,456501.5
2504143,456624,2504439,456761,10,Wagon_Tongue_Creek,1214,2504291,456692.5
2504439,456761,2504574,457024,10,Wagon_Tongue_Creek,1215,2504506.5,456892.5
2504574,457024,2504831,456907,10,Wagon_Tongue_Creek,1216,2504702.5,456965.5
2504831,456907,2504862,457166,10,Wagon_Tongue_Creek,1217,2504846.5,457036.5
2504862,457166,2505162,457251,10,Wagon_Tongue_Creek,1218,2505012,457208.5
2505162,457251,2505457,457163,10,Wagon_Tongue_Creek,1219,2505309.5,457207
2505457,457163,2505624,457263,10,Wagon_Tongue_Creek,1220,2505540.5,457213
2505624,457263,2505801,457490,10,Wagon_Tongue_Creek,1221,2505712.5,457376.5
2505801,457490,2505955,457320,10,Wagon_Tongue_Creek,1222,2505878,457405
2505955,457320,2506090,457078,10,Wagon_Tongue_Creek,1223,2506022.5,457199
2506090,457078,2506119,457257,10,Wagon_Tongue_Creek,1224,2506104.5,457167.5
2506119,457257,2506288,457319,10,Wagon_Tongue_Creek,1225,2506203.5,457288
2506288,457319,2506502,457100,10,Wagon_Tongue_Creek,1226,2506395,457209.5
2506502,457100,2506752,457105,10,Wagon_Tongue_Creek,1227,2506627,457102.5
2506752,457105,2506738,456805,10,Wagon_Tongue_Creek,1228,2506745,456955
2506738,456805,2506923,456642,10,Wagon_Tongue_Creek,1229,2506830.5,456723.5
2506923,456642,2507105,456884,10,Wagon_Tongue_Creek,1230,2507014,456763
2507105,456884,2507280,456855,10,Wagon_Tongue_Creek,1231,2507192.5,456869.5
2507280,456855,2507394,457013,10,Wagon_Tongue_Creek,1232,2507337,456934
2507394,457013,2507504,456749,10,Wagon_Tongue_Creek,1233,2507449,456881
2507504,456749,2507620,456936,10,Wagon_Tongue_Creek,1234,2507562,456842.5
2507620,456936,2507615,457168,10,Wagon_Tongue_Creek,1235,2507617.5,457052
2507615,457168,2507914,457213,10,Wagon_Tongue_Creek,1236,2507764.5,457190.5
2507914,457213,2508179,457063,10,Wagon_Tongue_Creek,1237,2508046.5,457138
2508179,457063,2508335,456828,10,Wagon_Tongue_Creek,1238,2508257,456945.5
2508335,456828,2508530,457085,10,Wagon_Tongue_Creek,1239,2508432.5,456956.5
2508530,457085,2508804,457112,10,Wagon_Tongue_Creek,1240,2508667,457098.5
2508804,457112,2509053,456899,10,Wagon_Tongue_Creek,1241,2508928.5,457005.5
2509053,456899,2509333,456999,10,Wagon_Tongue_Creek,1242,2509193,456949
2509333,456999,2509442,456724,10,Wagon_Tongue_Creek,1243,2509387.5,456861.5
2509442,456724,2509298,456439,10,Wagon_Tongue_Creek,1244,2509370,456581.5
2509298,456439,2509473,456212,10,Wagon_Tongue_Creek,1245,2509385.5,456325.5
2509473,456212,2509803,456197,10,Wagon_Tongue_Creek,1246,2509638,456204.5
2509803,456197,2510105,456179,10,Wagon_Tongue_Creek,1247,2509954,456188
2510105,456179,2510400,456048,10,Wagon_Tongue_Creek,1248,2510252.5,456113.5
2510400,456048,2510539,455759,10,Wagon_Tongue_Creek,1249,2510469.5,455903.5
2510539,455759,2510728,455500,10,Wagon_Tongue_Creek,1250,2510633.5,455629.5
2510728,455500,2510858,455216,10,Wagon_Tongue_Creek,1251,2510793,455358
2510858,455216,2511158,455133,10,Wagon_Tongue_Creek,1252,2511008,455174.5
2511158,455133,2511444,455028,10,Wagon_Tongue_Creek,1253,2511301,455080.5
2511444,455028,2511530,454722,10,Wagon_Tongue_Creek,1254,2511487,454875
2511530,454722,2511546,454392,10,Wagon_Tongue_Creek,1255,2511538,454557
2511546,454392,2511625,454075,10,Wagon_Tongue_Creek,1256,2511585.5,454233.5
2511625,454075,2511844,453837,10,Wagon_Tongue_Creek,1257,2511734.5,453956
2511844,453837,2512091,453617,10,Wagon_Tongue_Creek,1258,2511967.5,453727
2512091,453617,2512331,453392,10,Wagon_Tongue_Creek,1259,2512211,453504.5
2512331,453392,2512561,453155,10,Wagon_Tongue_Creek,1260,2512446,453273.5
2512561,453155,2512834,452975,10,Wagon_Tongue_Creek,1261,2512697.5,453065
2512834,452975,2513064,452762,10,Wagon_Tongue_Creek,1262,2512949,452868.5
2513064,452762,2513242,452487,10,Wagon_Tongue_Creek,1263,2513153,452624.5
2513242,452487,2513304,452185,10,Wagon_Tongue_Creek,1264,2513273,452336
2513304,452185,2513110,452045,10,Wagon_Tongue_Creek,1265,2513207,452115
2513110,452045,2513352,451841,10,Wagon_Tongue_Creek,1266,2513231,451943
2513352,451841,2513387,451544,10,Wagon_Tongue_Creek,1267,2513369.5,451692.5
2513387,451544,2513444,451328,10,Wagon_Tongue_Creek,1268,2513415.5,451436
2513444,451328,2513750,451251,10,Wagon_Tongue_Creek,1269,2513597,451289.5
2513750,451251,2513884,450989,10,Wagon_Tongue_Creek,1270,2513817,451120
2513884,450989,2514065,450770,10,Wagon_Tongue_Creek,1271,2513974.5,450879.5
2514065,450770,2514322,450747,10,Wagon_Tongue_Creek,1272,2514193.5,450758.5
2514322,450747,2514509,450495,10,Wagon_Tongue_Creek,1273,2514415.5,450621
2514509,450495,2514436,450179,10,Wagon_Tongue_Creek,1274,2514472.5,450337
2514436,450179,2514427,449890,10,Wagon_Tongue_Creek,1275,2514431.5,450034.5
2514427,449890,2514740,449921,10,Wagon_Tongue_Creek,1276,2514583.5,449905.5
2514740,449921,2515038,449812,10,Wagon_Tongue_Creek,1277,2514889,449866.5
2515038,449812,2515260,449593,10,Wagon_Tongue_Creek,1278,2515149,449702.5
2515260,449593,2515358,449290,10,Wagon_Tongue_Creek,1279,2515309,449441.5
2515358,449290,2515638,449219,10,Wagon_Tongue_Creek,1280,2515498,449254.5
2515638,449219,2515799,449477,10,Wagon_Tongue_Creek,1281,2515718.5,449348
2515799,449477,2515904,449297,10,Wagon_Tongue_Creek,1282,2515851.5,449387
2515904,449297,2516053,449202,10,Wagon_Tongue_Creek,1283,2515978.5,449249.5
2516053,449202,2516117,449034,10,Wagon_Tongue_Creek,1284,2516085,449118
2516117,449034,2516329,448857,10,Wagon_Tongue_Creek,1285,2516223,448945.5
2516329,448857,2516545,448874,10,Wagon_Tongue_Creek,1286,2516437,448865.5
2516545,448874,2516856,448827,10,Wagon_Tongue_Creek,1287,2516700.5,448850.5
2516856,448827,2517103,449000,10,Wagon_Tongue_Creek,1288,2516979.5,448913.5
2517103,449000,2517292,448754,10,Wagon_Tongue_Creek,1289,2517197.5,448877
2517292,448754,2517410,448559,10,Wagon_Tongue_Creek,1290,2517351,448656.5
2517410,448559,2517679,448714,10,Wagon_Tongue_Creek,1291,2517544.5,448636.5
2517679,448714,2517881,448523,10,Wagon_Tongue_Creek,1292,2517780,448618.5
2517881,448523,2518150,448392,10,Wagon_Tongue_Creek,1293,2518015.5,448457.5
2518150,448392,2518439,448503,10,Wagon_Tongue_Creek,1294,2518294.5,448447.5
2518439,448503,2518647,448280,10,Wagon_Tongue_Creek,1295,2518543,448391.5
2518647,448280,2518961,448351,10,Wagon_Tongue_Creek,1296,2518804,448315.5
2518961,448351,2519212,448544,10,Wagon_Tongue_Creek,1297,2519086.5,448447.5
2519212,448544,2519471,448701,10,Wagon_Tongue_Creek,1298,2519341.5,448622.5
2519471,448701,2519534,448866,10,Wagon_Tongue_Creek,1299,2519502.5,448783.5
2519534,448866,2519713,448989,10,Wagon_Tongue_Creek,1300,2519623.5,448927.5
2519713,448989,2519977,449116,10,Wagon_Tongue_Creek,1301,2519845,449052.5
2519977,449116,2520235,449306,10,Wagon_Tongue_Creek,1302,2520106,449211
2520235,449306,2520368,449399,10,Wagon_Tongue_Creek,1303,2520301.5,449352.5
2520368,449399,2520363,449071,11,North_Oak_Creek,1304,2520365.5,449235
2520363,449071,2520590,448848,11,North_Oak_Creek,1305,2520476.5,448959.5
2520590,448848,2520713,448609,11,North_Oak_Creek,1306,2520651.5,448728.5
2520713,448609,2520833,448309,11,North_Oak_Creek,1307,2520773,448459
2520833,448309,2520945,448048,11,North_Oak_Creek,1308,2520889,448178.5
2520945,448048,2520914,447743,11,North_Oak_Creek,1309,2520929.5,447895.5
2520914,447743,2520933,447418,11,North_Oak_Creek,1310,2520923.5,447580.5
2520933,447418,2520992,447099,11,North_Oak_Creek,1311,2520962.5,447258.5
2520992,447099,2520754,446974,11,North_Oak_Creek,1312,2520873,447036.5
2520754,446974,2520779,446679,11,North_Oak_Creek,1313,2520766.5,446826.5
2520779,446679,2521039,446491,11,North_Oak_Creek,1314,2520909,446585
2521039,446491,2521365,446473,11,North_Oak_Creek,1315,2521202,446482
2521365,446473,2521382,446222,11,North_Oak_Creek,1316,2521373.5,446347.5
2521382,446222,2521562,445976,11,North_Oak_Creek,1317,2521472,446099
2521562,445976,2521835,445825,11,North_Oak_Creek,1318,2521698.5,445900.5
2521835,445825,2522086,445946,11,North_Oak_Creek,1319,2521960.5,445885.5
2522086,445946,2522310,445760,11,North_Oak_Creek,1320,2522198,445853
2522310,445760,2522401,445447,11,North_Oak_Creek,1321,2522355.5,445603.5
2522401,445447,2522257,445178,11,North_Oak_Creek,1322,2522329,445312.5
2522257,445178,2522299,444880,11,North_Oak_Creek,1323,2522278,445029
2522299,444880,2522458,444602,11,North_Oak_Creek,1324,2522378.5,444741
2522458,444602,2522722,444443,11,North_Oak_Creek,1325,2522590,444522.5
2522722,444443,2522880,444248,11,North_Oak_Creek,1326,2522801,444345.5
2522880,444248,2522625,444051,11,North_Oak_Creek,1327,2522752.5,444149.5
2522625,444051,2522726,443756,11,North_Oak_Creek,1328,2522675.5,443903.5
2522726,443756,2523048,443780,11,North_Oak_Creek,1329,2522887,443768
2523048,443780,2523287,443597,11,North_Oak_Creek,1330,2523167.5,443688.5
2523287,443597,2523365,443283,11,North_Oak_Creek,1331,2523326,443440
2523365,443283,2523586,443086,11,North_Oak_Creek,1332,2523475.5,443184.5
2523586,443086,2523542,442782,11,North_Oak_Creek,1333,2523564,442934
2523542,442782,2523286,442595,11,North_Oak_Creek,1334,2523414,442688.5
2523286,442595,2522993,442714,11,North_Oak_Creek,1335,2523139.5,442654.5
2522993,442714,2522687,442760,11,North_Oak_Creek,1336,2522840,442737
2522687,442760,2522572,442472,11,North_Oak_Creek,1337,2522629.5,442616
2522572,442472,2522708,442238,11,North_Oak_Creek,1338,2522640,442355
2522708,442238,2523037,442259,11,North_Oak_Creek,1339,2522872.5,442248.5
2523037,442259,2523172,442012,11,North_Oak_Creek,1340,2523104.5,442135.5
2523172,442012,2523448,441890,11,North_Oak_Creek,1341,2523310,441951
2523448,441890,2523613,441758,11,North_Oak_Creek,1342,2523530.5,441824
2523613,441758,2523483,441478,11,North_Oak_Creek,1343,2523548,441618
2523483,441478,2523706,441285,11,North_Oak_Creek,1344,2523594.5,441381.5
2523706,441285,2524010,441355,11,North_Oak_Creek,1345,2523858,441320
2524010,441355,2524255,441364,11,North_Oak_Creek,1346,2524132.5,441359.5
2524255,441364,2524359,441054,11,North_Oak_Creek,1347,2524307,441209
2524359,441054,2524253,440746,11,North_Oak_Creek,1348,2524306,440900
2524253,440746,2524068,440476,11,North_Oak_Creek,1349,2524160.5,440611
2524068,440476,2524081,440148,11,North_Oak_Creek,1350,2524074.5,440312
2524081,440148,2524329,440046,11,North_Oak_Creek,1351,2524205,440097
2524329,440046,2524633,439999,11,North_Oak_Creek,1352,2524481,440022.5
2524633,439999,2524672,439684,11,North_Oak_Creek,1353,2524652.5,439841.5
2524672,439684,2524737,439373,11,North_Oak_Creek,1354,2524704.5,439528.5
2524737,439373,2525020,439280,11,North_Oak_Creek,1355,2524878.5,439326.5
2525020,439280,2525294,439111,11,North_Oak_Creek,1356,2525157,439195.5
2525294,439111,2525507,438866,11,North_Oak_Creek,1357,2525400.5,438988.5
2525507,438866,2525235,438817,11,North_Oak_Creek,1358,2525371,438841.5
2525235,438817,2525023,438636,11,North_Oak_Creek,1359,2525129,438726.5
2525023,438636,2525144,438337,11,North_Oak_Creek,1360,2525083.5,438486.5
2525144,438337,2525254,438042,11,North_Oak_Creek,1361,2525199,438189.5
2525254,438042,2525463,438025,11,North_Oak_Creek,1362,2525358.5,438033.5
2525463,438025,2525786,438044,11,North_Oak_Creek,1363,2525624.5,438034.5
2525786,438044,2525979,437822,11,North_Oak_Creek,1364,2525882.5,437933
2525979,437822,2526188,437593,11,North_Oak_Creek,1365,2526083.5,437707.5
2526188,437593,2526284,437353,11,North_Oak_Creek,1366,2526236,437473
2526284,437353,2526290,437103,11,North_Oak_Creek,1367,2526287,437228
2526290,437103,2526291,436823,11,North_Oak_Creek,1368,2526290.5,436963
2526291,436823,2526074,436724,11,North_Oak_Creek,1369,2526182.5,436773.5
2526074,436724,2526139,436486,11,North_Oak_Creek,1370,2526106.5,436605
2526139,436486,2526114,436201,11,North_Oak_Creek,1371,2526126.5,436343.5
2526114,436201,2526179,435939,11,North_Oak_Creek,1372,2526146.5,436070
2526179,435939,2526355,435890,11,North_Oak_Creek,1373,2526267,435914.5
2526355,435890,2526199,435606,11,North_Oak_Creek,1374,2526277,435748
2526199,435606,2525974,435422,11,North_Oak_Creek,1375,2526086.5,435514
2525974,435422,2525745,435208,11,North_Oak_Creek,1376,2525859.5,435315
2525745,435208,2525773,434896,11,North_Oak_Creek,1377,2525759,435052
2525773,434896,2525704,434575,11,North_Oak_Creek,1378,2525738.5,434735.5
2525704,434575,2525502,434323,11,North_Oak_Creek,1379,2525603,434449
2525502,434323,2525571,434030,11,North_Oak_Creek,1380,2525536.5,434176.5
2525571,434030,2525894,434010,11,North_Oak_Creek,1381,2525732.5,434020
2525894,434010,2526101,433808,11,North_Oak_Creek,1382,2525997.5,433909
2526101,433808,2525934,433556,11,North_Oak_Creek,1383,2526017.5,433682
2525934,433556,2525609,433529,11,North_Oak_Creek,1384,2525771.5,433542.5
2525609,433529,2525513,433263,11,North_Oak_Creek,1385,2525561,433396
2525513,433263,2525737,433038,11,North_Oak_Creek,1386,2525625,433150.5
2525737,433038,2525616,432796,11,North_Oak_Creek,1387,2525676.5,432917
2525616,432796,2525378,432568,11,North_Oak_Creek,1388,2525497,432682
2525378,432568,2525311,432250,11,North_Oak_Creek,1389,2525344.5,432409
2525311,432250,2525449,431977,11,North_Oak_Creek,1390,2525380,432113.5
2525449,431977,2525712,432133,11,North_Oak_Creek,1391,2525580.5,432055
2525712,432133,2525898,432405,11,North_Oak_Creek,1392,2525805,432269
2525898,432405,2526106,432385,11,North_Oak_Creek,1393,2526002,432395
2526106,432385,2526218,432078,11,North_Oak_Creek,1394,2526162,432231.5
2526218,432078,2526364,431795,11,North_Oak_Creek,1395,2526291,431936.5
2526364,431795,2526538,431525,11,North_Oak_Creek,1396,2526451,431660
2526538,431525,2526618,431235,11,North_Oak_Creek,1397,2526578,431380
2526618,431235,2526893,431099,11,North_Oak_Creek,1398,2526755.5,431167
2526893,431099,2527003,430845,11,North_Oak_Creek,1399,2526948,430972
2527003,430845,2526890,430541,11,North_Oak_Creek,1400,2526946.5,430693
2526890,430541,2526609,430684,11,North_Oak_Creek,1401,2526749.5,430612.5
2526609,430684,2526464,430954,11,North_Oak_Creek,1402,2526536.5,430819
2526464,430954,2526219,430854,11,North_Oak_Creek,1403,2526341.5,430904
2526219,430854,2526129,430561,11,North_Oak_Creek,1404,2526174,430707.5
2526129,430561,2526334,430309,11,North_Oak_Creek,1405,2526231.5,430435
2526334,430309,2526477,430050,11,North_Oak_Creek,1406,2526405.5,430179.5
2526477,430050,2526202,429881,11,North_Oak_Creek,1407,2526339.5,429965.5
2526202,429881,2526178,429666,11,North_Oak_Creek,1408,2526190,429773.5
2526178,429666,2526494,429684,11,North_Oak_Creek,1409,2526336,429675
2526494,429684,2526796,429811,11,North_Oak_Creek,1410,2526645,429747.5
2526796,429811,2526963,429631,11,North_Oak_Creek,1411,2526879.5,429721
2526963,429631,2526933,429353,11,North_Oak_Creek,1412,2526948,429492
2526933,429353,2526790,429092,11,North_Oak_Creek,1413,2526861.5,429222.5
2526790,429092,2527091,429034,11,North_Oak_Creek,1414,2526940.5,429063
2527091,429034,2527416,429035,11,North_Oak_Creek,1415,2527253.5,429034.5
2527416,429035,2527626,428809,11,North_Oak_Creek,1416,2527521,428922
2527626,428809,2527514,428565,11,North_Oak_Creek,1417,2527570,428687
2527514,428565,2527365,428281,11,North_Oak_Creek,1418,2527439.5,428423
2527365,428281,2527145,428036,11,North_Oak_Creek,1419,2527255,428158.5
2527145,428036,2526895,428161,11,North_Oak_Creek,1420,2527020,428098.5
2526895,428161,2526714,427980,11,North_Oak_Creek,1421,2526804.5,428070.5
2526714,427980,2526648,427679,11,North_Oak_Creek,1422,2526681,427829.5
2526648,427679,2526379,427497,11,North_Oak_Creek,1423,2526513.5,427588
2526379,427497,2526347,427189,11,North_Oak_Creek,1424,2526363,427343
2526347,427189,2526556,427012,11,North_Oak_Creek,1425,2526451.5,427100.5
2526556,427012,2526883,426983,11,North_Oak_Creek,1426,2526719.5,426997.5
2526883,426983,2526866,426687,11,North_Oak_Creek,1427,2526874.5,426835
2526866,426687,2526875,426360,11,North_Oak_Creek,1428,2526870.5,426523.5
2526875,426360,2526645,426202,11,North_Oak_Creek,1429,2526760,426281
2526645,426202,2526729,425889,11,North_Oak_Creek,1430,2526687,426045.5
2526729,425889,2527050,425845,11,North_Oak_Creek,1431,2526889.5,425867
2527050,425845,2527366,425797,11,North_Oak_Creek,1432,2527208,425821
2527366,425797,2527681,425826,11,North_Oak_Creek,1433,2527523.5,425811.5
2527681,425826,2527920,425630,11,North_Oak_Creek,1434,2527800.5,425728
2527920,425630,2527825,425353,11,North_Oak_Creek,1435,2527872.5,425491.5
2527825,425353,2527674,425099,11,North_Oak_Creek,1436,2527749.5,425226
2527674,425099,2527796,424794,11,North_Oak_Creek,1437,2527735,424946.5
2527796,424794,2527904,424490,11,North_Oak_Creek,1438,2527850,424642
2527904,424490,2528043,424262,11,North_Oak_Creek,1439,2527973.5,424376
2528043,424262,2527750,424139,11,North_Oak_Creek,1440,2527896.5,424200.5
2527750,424139,2527504,423998,11,North_Oak_Creek,1441,2527627,424068.5
2527504,423998,2527336,423792,12,Oak_Creek,1442,2527420,423895
2527336,423792,2527477,423560,12,Oak_Creek,1443,2527406.5,423676
2527477,423560,2527685,423780,12,Oak_Creek,1444,2527581,423670
2527685,423780,2527953,423936,12,Oak_Creek,1445,2527819,423858
2527953,423936,2528264,423847,12,Oak_Creek,1446,2528108.5,423891.5
2528264,423847,2528240,423648,12,Oak_Creek,1447,2528252,423747.5
2528240,423648,2528022,423439,12,Oak_Creek,1448,2528131,423543.5
2528022,423439,2527800,423202,12,Oak_Creek,1449,2527911,423320.5
2527800,423202,2527919,422975,12,Oak_Creek,1450,2527859.5,423088.5
2527919,422975,2528220,423045,12,Oak_Creek,1451,2528069.5,423010
2528220,423045,2528516,423144,12,Oak_Creek,1452,2528368,423094.5
2528516,423144,2528805,423248,12,Oak_Creek,1453,2528660.5,423196
2528805,423248,2528775,422952,12,Oak_Creek,1454,2528790,423100
2528775,422952,2528574,422726,12,Oak_Creek,1455,2528674.5,422839
2528574,422726,2528531,422407,12,Oak_Creek,1456,2528552.5,422566.5
2528531,422407,2528294,422189,12,Oak_Creek,1457,2528412.5,422298
2528294,422189,2528006,422033,12,Oak_Creek,1458,2528150,422111
2528006,422033,2527730,421919,12,Oak_Creek,1459,2527868,421976
2527730,421919,2527825,421622,12,Oak_Creek,1460,2527777.5,421770.5
2527825,421622,2527935,421314,12,Oak_Creek,1461,2527880,421468
2527935,421314,2527951,420993,12,Oak_Creek,1462,2527943,421153.5
2527951,420993,2527813,420713,12,Oak_Creek,1463,2527882,420853
2527813,420713,2528045,420610,12,Oak_Creek,1464,2527929,420661.5
2528045,420610,2528346,420702,12,Oak_Creek,1465,2528195.5,420656
2528346,420702,2528544,420965,12,Oak_Creek,1466,2528445,420833.5
2528544,420965,2528770,421177,12,Oak_Creek,1467,2528657,421071
2528770,421177,2529015,420986,12,Oak_Creek,1468,2528892.5,421081.5
2529015,420986,2529031,420661,12,Oak_Creek,1469,2529023,420823.5
2529031,420661,2528978,420340,12,Oak_Creek,1470,2529004.5,420500.5
2528978,420340,2528893,420032,12,Oak_Creek,1471,2528935.5,420186
2528893,420032,2528587,420003,12,Oak_Creek,1472,2528740,420017.5
2528587,420003,2528645,419790,12,Oak_Creek,1473,2528616,419896.5
2528645,419790,2528807,419509,12,Oak_Creek,1474,2528726,419649.5
2528807,419509,2529075,419403,12,Oak_Creek,1475,2528941,419456
2529075,419403,2529154,419715,12,Oak_Creek,1476,2529114.5,419559
2529154,419715,2529345,419531,12,Oak_Creek,1477,2529249.5,419623
2529345,419531,2529544,419276,12,Oak_Creek,1478,2529444.5,419403.5
2529544,419276,2529864,419295,12,Oak_Creek,1479,2529704,419285.5
2529864,419295,2530048,419105,12,Oak_Creek,1480,2529956,419200
2530048,419105,2530258,419011,12,Oak_Creek,1481,2530153,419058
2530258,419011,2530568,419086,12,Oak_Creek,1482,2530413,419048.5
2530568,419086,2530730,418933,12,Oak_Creek,1483,2530649,419009.5
2530730,418933,2530472,418744,12,Oak_Creek,1484,2530601,418838.5
2530472,418744,2530236,418522,12,Oak_Creek,1485,2530354,418633
2530236,418522,2529934,418553,12,Oak_Creek,1486,2530085,418537.5
2529934,418553,2529761,418422,12,Oak_Creek,1487,2529847.5,418487.5
2529761,418422,2529799,418099,12,Oak_Creek,1488,2529780,418260.5
2529799,418099,2530036,418170,12,Oak_Creek,1489,2529917.5,418134.5
2530036,418170,2530353,418235,12,Oak_Creek,1490,2530194.5,418202.5
2530353,418235,2530515,417987,12,Oak_Creek,1491,2530434,418111
2530515,417987,2530685,417704,12,Oak_Creek,1492,2530600,417845.5
2530685,417704,2530856,417485,12,Oak_Creek,1493,2530770.5,417594.5
2530856,417485,2530891,417239,12,Oak_Creek,1494,2530873.5,417362
2530891,417239,2530979,417014,12,Oak_Creek,1495,2530935,417126.5
2530979,417014,2531234,416855,12,Oak_Creek,1496,2531106.5,416934.5
2531234,416855,2531218,416528,12,Oak_Creek,1497,2531226,416691.5
2531218,416528,2531276,416204,12,Oak_Creek,1498,2531247,416366
2531276,416204,2531409,415907,12,Oak_Creek,1499,2531342.5,416055.5
2531409,415907,2531697,415774,12,Oak_Creek,1500,2531553,415840.5
2531697,415774,2531781,415492,12,Oak_Creek,1501,2531739,415633
2531781,415492,2531734,415171,12,Oak_Creek,1502,2531757.5,415331.5
2531734,415171,2531480,415226,12,Oak_Creek,1503,2531607,415198.5
2531480,415226,2531250,415432,12,Oak_Creek,1504,2531365,415329
2531250,415432,2531169,415225,12,Oak_Creek,1505,2531209.5,415328.5
2531169,415225,2531027,414943,12,Oak_Creek,1506,2531098,415084
2531027,414943,2531276,414769,12,Oak_Creek,1507,2531151.5,414856
2531276,414769,2531573,414625,12,Oak_Creek,1508,2531424.5,414697
2531573,414625,2531857,414761,12,Oak_Creek,1509,2531715,414693
2531857,414761,2532118,414594,12,Oak_Creek,1510,2531987.5,414677.5
2532118,414594,2532333,414343,12,Oak_Creek,1511,2532225.5,414468.5
2532333,414343,2532221,414071,12,Oak_Creek,1512,2532277,414207
2532221,414071,2532278,413783,12,Oak_Creek,1513,2532249.5,413927
2532278,413783,2532269,413587,12,Oak_Creek,1514,2532273.5,413685
2532269,413587,2532033,413369,12,Oak_Creek,1515,2532151,413478
2532033,413369,2531792,413583,12,Oak_Creek,1516,2531912.5,413476
2531792,413583,2531484,413661,12,Oak_Creek,1517,2531638,413622
2531484,413661,2531252,413438,12,Oak_Creek,1518,2531368,413549.5
2531252,413438,2531022,413228,12,Oak_Creek,1519,2531137,413333
2531022,413228,2531234,413023,12,Oak_Creek,1520,2531128,413125.5
2531234,413023,2531519,413145,12,Oak_Creek,1521,2531376.5,413084
2531519,413145,2531651,412930,12,Oak_Creek,1522,2531585,413037.5
2531651,412930,2531785,412652,12,Oak_Creek,1523,2531718,412791
2531785,412652,2532053,412482,12,Oak_Creek,1524,2531919,412567
2532053,412482,2532237,412245,12,Oak_Creek,1525,2532145,412363.5
2532237,412245,2531932,412218,12,Oak_Creek,1526,2532084.5,412231.5
2531932,412218,2531743,412037,12,Oak_Creek,1527,2531837.5,412127.5
2531743,412037,2532010,411849,12,Oak_Creek,1528,2531876.5,411943
2532010,411849,2532320,411759,12,Oak_Creek,1529,2532165,411804
2532320,411759,2532617,411681,12,Oak_Creek,1530,2532468.5,411720
2532617,411681,2532835,411437,12,Oak_Creek,1531,2532726,411559
2532835,411437,2532863,411113,12,Oak_Creek,1532,2532849,411275
2532863,411113,2532819,410788,12,Oak_Creek,1533,2532841,410950.5
2532819,410788,2532578,410588,12,Oak_Creek,1534,2532698.5,410688
2532578,410588,2532686,410341,12,Oak_Creek,1535,2532632,410464.5
2532686,410341,2532875,410109,12,Oak_Creek,1536,2532780.5,410225
2532875,410109,2532777,409801,12,Oak_Creek,1537,2532826,409955
2532777,409801,2532764,409496,12,Oak_Creek,1538,2532770.5,409648.5
2532764,409496,2532858,409192,12,Oak_Creek,1539,2532811,409344
2532858,409192,2532727,408940,12,Oak_Creek,1540,2532792.5,409066
2532727,408940,2532430,409038,12,Oak_Creek,1541,2532578.5,408989
2532430,409038,2532201,408840,12,Oak_Creek,1542,2532315.5,408939
2532201,408840,2532384,408594,12,Oak_Creek,1543,2532292.5,408717
2532384,408594,2532671,408439,12,Oak_Creek,1544,2532527.5,408516.5
2532671,408439,2532991,408360,12,Oak_Creek,1545,2532831,408399.5
2532991,408360,2533317,408335,12,Oak_Creek,1546,2533154,408347.5
2533317,408335,2533559,408120,12,Oak_Creek,1547,2533438,408227.5
2533559,408120,2533791,407910,12,Oak_Creek,1548,2533675,408015
2533791,407910,2533874,407684,12,Oak_Creek,1549,2533832.5,407797
2533874,407684,2533683,407417,12,Oak_Creek,1550,2533778.5,407550.5
2533683,407417,2533690,407090,12,Oak_Creek,1551,2533686.5,407253.5
2533690,407090,2533918,406879,12,Oak_Creek,1552,2533804,406984.5
2533918,406879,2534177,406689,12,Oak_Creek,1553,2534047.5,406784
2534177,406689,2534341,406405,12,Oak_Creek,1554,2534259,406547
2534341,406405,2534357,406100,12,Oak_Creek,1555,2534349,406252.5
2534357,406100,2534039,406087,12,Oak_Creek,1556,2534198,406093.5
2534039,406087,2533750,405937,12,Oak_Creek,1557,2533894.5,406012
2533750,405937,2533556,405762,12,Oak_Creek,1558,2533653,405849.5
2533556,405762,2533664,405451,12,Oak_Creek,1559,2533610,405606.5
2533664,405451,2533661,405124,12,Oak_Creek,1560,2533662.5,405287.5
2533661,405124,2533826,404856,12,Oak_Creek,1561,2533743.5,404990
2533826,404856,2533847,404575,12,Oak_Creek,1562,2533836.5,404715.5
2533847,404575,2533550,404624,12,Oak_Creek,1563,2533698.5,404599.5
2533550,404624,2533236,404675,12,Oak_Creek,1564,2533393,404649.5
2533236,404675,2533039,404477,12,Oak_Creek,1565,2533137.5,404576
2533039,404477,2533096,404154,12,Oak_Creek,1566,2533067.5,404315.5
2533096,404154,2533282,403885,12,Oak_Creek,1567,2533189,404019.5
2533282,403885,2533155,403614,12,Oak_Creek,1568,2533218.5,403749.5
2533155,403614,2533344,403460,12,Oak_Creek,1569,2533249.5,403537
2533344,403460,2533581,403675,12,Oak_Creek,1570,2533462.5,403567.5
2533581,403675,2533789,403922,12,Oak_Creek,1571,2533685,403798.5
2533789,403922,2534092,404039,12,Oak_Creek,1572,2533940.5,403980.5
2534092,404039,2534234,404331,12,Oak_Creek,1573,2534163,404185
2534234,404331,2534465,404230,12,Oak_Creek,1574,2534349.5,404280.5
2534465,404230,2534402,403911,12,Oak_Creek,1575,2534433.5,404070.5
2534402,403911,2534309,403607,12,Oak_Creek,1576,2534355.5,403759
2534309,403607,2534052,403418,12,Oak_Creek,1577,2534180.5,403512.5
2534052,403418,2533809,403216,12,Oak_Creek,1578,2533930.5,403317
2533809,403216,2533983,402951,12,Oak_Creek,1579,2533896,403083.5
2533983,402951,2533963,402626,12,Oak_Creek,1580,2533973,402788.5
2533963,402626,2534093,402336,12,Oak_Creek,1581,2534028,402481
2534093,402336,2533833,402307,12,Oak_Creek,1582,2533963,402321.5
2533833,402307,2533596,402530,12,Oak_Creek,1583,2533714.5,402418.5
2533596,402530,2533345,402346,12,Oak_Creek,1584,2533470.5,402438
2533345,402346,2533264,402100,12,Oak_Creek,1585,2533304.5,402223
2533264,402100,2533588,402086,12,Oak_Creek,1586,2533426,402093
2533588,402086,2533748,401887,12,Oak_Creek,1587,2533668,401986.5
2533748,401887,2533534,401647,12,Oak_Creek,1588,2533641,401767
2533534,401647,2533291,401431,12,Oak_Creek,1589,2533412.5,401539
2533291,401431,2533038,401234,12,Oak_Creek,1590,2533164.5,401332.5
2533038,401234,2532709,401225,12,Oak_Creek,1591,2532873.5,401229.5
2532709,401225,2532414,401354,12,Oak_Creek,1592,2532561.5,401289.5
2532414,401354,2532225,401176,12,Oak_Creek,1593,2532319.5,401265
2532225,401176,2532316,400872,12,Oak_Creek,1594,2532270.5,401024
2532316,400872,2532157,400586,12,Oak_Creek,1595,2532236.5,400729
2532157,400586,2531979,400319,12,Oak_Creek,1596,2532068,400452.5
2531979,400319,2531673,400211,12,Oak_Creek,1597,2531826,400265
2531673,400211,2531699,399929,12,Oak_Creek,1598,2531686,400070
2531699,399929,2531959,399730,12,Oak_Creek,1599,2531829,399829.5
2531959,399730,2532144,399464,12,Oak_Creek,1600,2532051.5,399597
2532144,399464,2532336,399203,12,Oak_Creek,1601,2532240,399333.5
2532336,399203,2532457,398910,12,Oak_Creek,1602,2532396.5,399056.5
2532457,398910,2532278,398680,12,Oak_Creek,1603,2532367.5,398795
2532278,398680,2531975,398556,12,Oak_Creek,1604,2532126.5,398618
2531975,398556,2531705,398371,12,Oak_Creek,1605,2531840,398463.5
2531705,398371,2531654,398067,12,Oak_Creek,1606,2531679.5,398219
2531654,398067,2531466,397796,12,Oak_Creek,1607,2531560,397931.5
2531466,397796,2531263,397537,12,Oak_Creek,1608,2531364.5,397666.5
2531263,397537,2531082,397262,12,Oak_Creek,1609,2531172.5,397399.5
2531082,397262,2530960,396955,12,Oak_Creek,1610,2531021,397108.5
2530960,396955,2530695,396993,12,Oak_Creek,1611,2530827.5,396974
2530695,396993,2530492,396847,12,Oak_Creek,1612,2530593.5,396920
2530492,396847,2530446,396522,12,Oak_Creek,1613,2530469,396684.5
2530446,396522,2530400,396212,12,Oak_Creek,1614,2530423,396367
2530400,396212,2530392,396199,12,Oak_Creek,1615,2530396,396205.5
